customer_id,customer_segment,city,total_orders,lifetime_value,avg_order_value
CUST000714,Regular,South Aprilhaven,16,53240.78,3327.54875
CUST000581,Regular,New Emilybury,13,52929.67,4071.513076923077
CUST000330,Regular,East Barbaraview,16,52926.79,3307.924375
CUST000542,Regular,New Joshuatown,13,46864.37,3905.3641666666667
CUST000670,Regular,Millerville,13,46744.780000000006,3595.752307692308
CUST000155,Basic,South Dawnmouth,14,46373.399999999994,3312.3857142857137
CUST000447,Basic,Floresland,15,46211.619999999995,3300.8299999999995
CUST000896,Regular,West Lindachester,15,45179.310000000005,3011.954
CUST000218,Basic,New Victor,14,44324.77,3166.055
CUST000387,Regular,Lake Rita,17,43770.380000000005,2735.6487500000003
CUST000112,Premium,Cooleytown,15,43540.23,2902.6820000000002
CUST000819,Premium,Port Carlos,17,43198.83999999999,2541.108235294117
CUST000023,Regular,Port Michelle,13,43032.92,3310.2246153846154
CUST000598,Premium,Lake Taylor,14,41451.17,2960.797857142857
CUST000217,Regular,Lake Carolborough,10,40725.490000000005,4072.5490000000004
CUST000309,Basic,Juliemouth,12,40721.15000000001,3701.922727272728
CUST000951,Regular,Lake Dawn,17,40519.41,2383.494705882353
CUST000334,Premium,Seantown,12,40205.20999999999,3655.01909090909
CUST000280,Basic,Lopezport,16,39762.68,2485.1675
CUST000474,Basic,Andersonbury,10,39578.71,3957.871
CUST000860,Premium,Bryanmouth,15,39397.590000000004,2626.5060000000003
CUST000497,Regular,New Michaelbury,16,39315.92,2457.245
CUST000731,Premium,Millerchester,16,39200.0,2450.0
CUST000524,Basic,North Jaredville,15,39036.83,2788.3450000000003
CUST000368,Basic,North Gregory,11,38945.0,3894.5
CUST000439,Basic,Michaelaburgh,12,38943.7,3245.308333333333
CUST000133,Premium,Listad,16,38919.06,2432.44125
CUST000072,Premium,Taylorberg,11,38829.31,3529.9372727272726
CUST000305,Basic,Melissafort,15,38784.45,2585.6299999999997
CUST000883,Premium,Millerview,12,38781.850000000006,3231.8208333333337
CUST000503,Regular,Lake Darleneview,14,38490.84,2749.345714285714
CUST000215,Basic,West Deanna,13,38326.75,3193.8958333333335
CUST000482,Regular,East Raymond,10,38193.75,3819.375
CUST000813,Premium,Butlerbury,14,37699.12,2692.7942857142857
CUST000800,Basic,South Valerietown,14,37697.11,2692.6507142857145
CUST000080,Premium,North Katherineburgh,11,37695.18,3426.8345454545456
CUST000318,Premium,South Nicholasport,13,37649.65,2896.126923076923
CUST000364,Regular,East Ryanshire,12,37623.55,3135.2958333333336
CUST000808,Basic,Terrellberg,13,37553.18000000001,2888.7061538461544
CUST000527,Regular,Shawchester,11,37181.28,3380.1163636363635
CUST000613,Regular,West Debratown,11,37081.9,3371.081818181818
CUST000258,Regular,Lake Kevin,14,36835.299999999996,2631.0928571428567
CUST000818,Regular,South Brenttown,10,36584.130000000005,3658.4130000000005
CUST000212,Regular,Lake Angelaburgh,11,36411.31,3310.1190909090906
CUST000653,Regular,Port Timothyhaven,12,36139.0,3011.5833333333335
CUST000773,Premium,New Betty,11,36128.88,3284.443636363636
CUST000588,Premium,Lake Darren,13,36102.98,2777.152307692308
CUST000228,Regular,East Michael,12,36040.12000000001,3003.343333333334
CUST000921,Basic,Meredithburgh,11,35930.33,3266.3936363636367
CUST000657,Regular,Jonesborough,14,35908.380000000005,2564.884285714286
CUST000059,Premium,Port Keith,13,35854.15,2758.0115384615387
CUST000982,Basic,Patrickbury,12,35599.29,2966.6075
CUST000164,Regular,Johnsonville,14,35573.21,2540.9435714285714
CUST000771,Premium,West Robertborough,12,35461.37,2955.1141666666667
CUST000740,Regular,Port Nathaniel,13,35425.92,2725.070769230769
CUST000582,Basic,Lynnside,10,35130.25,3903.3611111111113
CUST000633,Regular,Lake Robertside,12,35092.83,2924.4025
CUST000584,Regular,South Johnnytown,11,35025.189999999995,3184.1081818181815
CUST000981,Regular,Lake Justinville,13,34974.11,2690.316153846154
CUST000685,Basic,East Shirleymouth,13,34838.82,2679.909230769231
CUST000892,Basic,Wilsonborough,14,34468.81,2651.4469230769228
CUST000533,Basic,Hudsontown,11,34431.020000000004,3130.0927272727276
CUST000214,Regular,Danielton,9,34395.88,3821.764444444444
CUST000002,Basic,Larryland,11,34344.85,3122.259090909091
CUST000523,Basic,East Paula,8,34266.229999999996,4283.2787499999995
CUST000905,Regular,West David,17,34253.98,2014.9400000000003
CUST000269,Regular,Port Robert,11,34241.54,3112.867272727273
CUST000388,Premium,Mayville,12,34200.92,2850.0766666666664
CUST000484,Regular,Lake Isabel,11,34136.78,3103.343636363636
CUST000220,Basic,Lake Raymondburgh,11,34088.060000000005,3098.914545454546
CUST000293,Basic,North Tracyport,8,34064.31,4258.03875
CUST000521,Regular,Danielsview,16,34047.39,2127.961875
CUST000867,Premium,Rodgersland,8,33970.53,4246.31625
CUST000071,Basic,Timothyshire,11,33955.94,3395.594
CUST000428,Basic,Robertburgh,14,33953.920000000006,2425.28
CUST000554,Regular,New Thomas,12,33888.73,3080.793636363637
CUST000831,Regular,Lake Michellemouth,11,33860.97000000001,3078.270000000001
CUST000152,Regular,South Kelly,10,33834.58,3759.397777777778
CUST000301,Premium,Jacobton,9,33723.88,3747.0977777777775
CUST000336,Premium,Reedmouth,12,33714.08,2809.5066666666667
CUST000360,Regular,Port Alejandroshire,11,33711.47,3064.679090909091
CUST000702,Premium,Brittanyton,9,33513.0,3723.6666666666665
CUST000912,Regular,Coletown,11,33389.28999999999,3338.928999999999
CUST000890,Regular,North Natashaport,8,33377.130000000005,4172.141250000001
CUST000931,Premium,Port Scottberg,10,33178.50000000001,3317.850000000001
CUST000492,Regular,Walterfurt,14,33158.67999999999,2368.4771428571426
CUST000710,Regular,Rileyshire,11,33107.81,3009.800909090909
CUST000804,Regular,North Joshuaborough,13,32911.99,2531.691538461538
CUST000544,Regular,Lake Douglas,8,32782.69,4097.83625
CUST000944,Basic,South Adrianmouth,16,32778.81,2048.675625
CUST000156,Regular,Jeffreyside,14,32768.29,2520.6376923076923
CUST000751,Premium,West Jamesburgh,15,32700.900000000005,2335.778571428572
CUST000646,Basic,Patrickberg,10,32651.29,3265.129
CUST000266,Basic,Lindsaymouth,13,32623.690000000002,2509.5146153846154
CUST000304,Regular,Dayfort,13,32593.83,2963.0754545454547
CUST000893,Basic,Aprilview,10,32564.32,3256.432
CUST000225,Regular,Jillianville,12,32522.04,2710.17
CUST000183,Basic,North Justinshire,15,32469.819999999996,2164.6546666666663
CUST000161,Regular,Port Rita,14,32412.44,2315.174285714286
CUST000543,Regular,Denisefurt,10,32374.870000000006,3237.4870000000005
CUST000945,Regular,Nancystad,10,32359.709999999995,3595.5233333333326
CUST000083,Regular,Costabury,10,32240.580000000005,3224.0580000000004
CUST000463,Basic,Millerport,13,32225.390000000007,2685.449166666667
CUST000737,Regular,Richardfort,11,32170.26,2924.569090909091
CUST000868,Premium,New Christine,9,32169.649999999998,3574.405555555555
CUST000555,Basic,South Johnland,10,32081.05,3208.105
CUST000287,Regular,Rachaelville,12,31994.200000000004,2666.183333333334
CUST000138,Basic,West Jasonland,12,31940.09,2661.6741666666667
CUST000745,Regular,Barbarafurt,9,31764.21,3529.3566666666666
CUST000317,Regular,West Joanne,11,31653.139999999996,2877.5581818181813
CUST000507,Basic,Hayleyborough,12,31609.119999999995,2634.093333333333
CUST000333,Premium,Derekberg,12,31518.319999999996,2626.526666666666
CUST000391,Basic,South Zachary,12,31511.07,2625.9225
CUST000983,Premium,Coxhaven,11,31510.789999999994,2864.617272727272
CUST000110,Premium,Lake Jessica,12,31493.53,2624.460833333333
CUST000846,Regular,Ivanmouth,11,31375.129999999997,2852.2845454545454
CUST000421,Basic,Russellborough,7,31326.550000000003,4475.221428571429
CUST000115,Regular,Houstonside,11,31313.180000000004,3131.318
CUST000787,Regular,North Andrew,12,31268.01,2605.6675
CUST000104,Regular,East Elizabethburgh,11,31111.28,2828.2981818181815
CUST000339,Regular,Simpsonport,12,31103.829999999998,2591.985833333333
CUST000158,Basic,Wrightfurt,8,30946.989999999998,4420.998571428571
CUST000856,Premium,New Bethburgh,12,30829.4,2569.116666666667
CUST000032,Premium,Barberville,10,30799.02,3079.902
CUST000252,Regular,South Tara,10,30737.850000000006,3073.7850000000008
CUST000835,Regular,West Donald,12,30732.89,2561.0741666666668
CUST000748,Regular,New Staceyhaven,12,30724.559999999998,2560.3799999999997
CUST000238,Premium,North Kaitlinside,11,30688.9,3068.8900000000003
CUST000661,Regular,Thomasborough,8,30651.290000000005,3831.4112500000006
CUST000012,Basic,Lake Angela,11,30635.06,2785.0054545454545
CUST000705,Premium,West Shelly,12,30589.47,2549.1225
CUST000712,Regular,Carolynberg,13,30548.32,2545.693333333333
CUST000019,Regular,North Matthew,10,30523.159999999996,3052.316
CUST000963,Regular,New Brandonburgh,12,30491.96,2771.9963636363636
CUST000043,Premium,North Danielborough,12,30488.25,2540.6875
CUST000147,Regular,New Harryfurt,11,30333.060000000005,2757.5509090909095
CUST000376,Regular,Lake Margaret,10,30279.27,3027.927
CUST000558,Premium,Cruzshire,11,30268.490000000005,3026.8490000000006
CUST000607,Regular,New Christopher,15,30233.73,2015.5819999999999
CUST000278,Regular,Port Tanya,11,30191.550000000003,2744.6863636363637
CUST000481,Regular,Sethshire,11,30184.15,3018.415
CUST000007,Premium,Housebury,9,30108.07,3345.341111111111
CUST000924,Basic,West Matthewside,10,30096.850000000002,3009.6850000000004
CUST000213,Regular,Calderonmouth,11,30054.499999999996,2732.2272727272725
CUST000451,Basic,East Cassandra,7,30009.2,4287.028571428572
CUST000730,Premium,Crossfurt,9,29974.91,3746.86375
CUST000666,Premium,Davidfurt,11,29967.469999999998,2724.3154545454545
CUST000658,Regular,Jonathanchester,14,29936.5,2302.8076923076924
CUST000412,Basic,Suttonstad,11,29902.77,2718.433636363636
CUST000296,Regular,Williamschester,10,29833.850000000002,2983.385
CUST000700,Regular,Lake Anthony,10,29817.519999999997,2981.7519999999995
CUST000016,Premium,Silvastad,11,29724.409999999996,2702.2190909090905
CUST000166,Basic,New Tyronetown,13,29719.740000000005,2286.1338461538467
CUST000014,Regular,Lopezbury,11,29705.059999999998,2700.4599999999996
CUST000257,Basic,Jonesborough,12,29663.839999999997,2471.986666666666
CUST000427,Regular,Patrickfort,10,29584.210000000003,2958.4210000000003
CUST000898,Basic,Timothyborough,11,29582.199999999997,2689.290909090909
CUST000678,Regular,New Samanthabury,7,29529.639999999996,4218.5199999999995
CUST000045,Regular,North Matthew,13,29522.739999999998,2270.98
CUST000303,Regular,Nicoletown,10,29506.1,2950.6099999999997
CUST000929,Regular,Bakerton,10,29486.649999999994,2948.6649999999995
CUST000933,Basic,Ochoafort,6,29471.84,4911.973333333333
CUST000557,Premium,Port Beth,11,29449.23,2677.2027272727273
CUST000623,Regular,South Keith,9,29410.88,3267.875555555556
CUST000409,Basic,Kimberlyland,15,29320.650000000005,1954.7100000000003
CUST000960,Basic,Allenbury,10,29317.26,2931.7259999999997
CUST000793,Regular,West Andrewmouth,8,29178.579999999998,3647.3224999999998
CUST000402,Basic,Morrismouth,12,29127.53,2427.2941666666666
CUST000494,Premium,Merrittmouth,11,29051.059999999998,2641.0054545454545
CUST000699,Premium,Gonzalezburgh,10,29034.9,2903.4900000000002
CUST000256,Regular,Jacobview,11,29034.86,2639.5327272727272
CUST000393,Regular,Keithburgh,10,28960.14,2896.014
CUST000119,Basic,Karenstad,14,28741.420000000002,2052.9585714285718
CUST000188,Regular,Port Corey,11,28690.3,2608.2090909090907
CUST000397,Basic,Port Meghan,9,28531.960000000003,3566.4950000000003
CUST000798,Regular,Wrightchester,12,28467.45,2587.9500000000003
CUST000288,Regular,Masontown,9,28443.879999999997,3160.431111111111
CUST000937,Premium,South Willie,10,28426.45,2842.645
CUST000204,Basic,New Tracey,8,28407.68,3550.96
CUST000799,Regular,East Traviston,10,28348.190000000002,2834.8190000000004
CUST000888,Regular,Justinberg,11,28343.030000000002,2576.639090909091
CUST000079,Regular,Andrewmouth,12,28325.79,2360.4825
CUST000171,Regular,Hancockberg,11,28197.269999999997,2819.727
CUST000690,Premium,East Michelle,9,28122.550000000003,3124.727777777778
CUST000332,Basic,Michelleberg,8,28080.770000000004,3510.0962500000005
CUST000498,Premium,Davidhaven,10,28061.45,2806.145
CUST000723,Premium,West Craigmouth,10,28033.12,2803.312
CUST000089,Basic,Andrewfort,12,27987.65,2544.331818181818
CUST000976,Regular,East Jenniferborough,8,27969.95,3496.24375
CUST000759,Basic,Collinmouth,11,27905.55,2536.8681818181817
CUST000351,Regular,Port Logan,11,27880.92,2534.629090909091
CUST000889,Premium,Port Peterbury,10,27848.76,2784.8759999999997
CUST000369,Premium,Bellbury,11,27832.78,2530.252727272727
CUST000526,Regular,Hansonshire,8,27816.3,3477.0375
CUST000807,Basic,West Anneside,9,27807.739999999998,3089.748888888889
CUST000962,Regular,Moorestad,6,27800.84,4633.473333333333
CUST000682,Regular,Rodriguezstad,8,27773.21,3471.65125
CUST000200,Basic,Floresview,9,27741.42,3082.3799999999997
CUST000395,Regular,Lake Andreatown,10,27716.309999999998,2771.631
CUST000203,Premium,Haleyview,12,27697.949999999997,2308.1625
CUST000231,Basic,Lake Jamesshire,13,27557.4,2119.8
CUST000144,Regular,South Jesse,12,27491.149999999998,2290.9291666666663
CUST000323,Regular,Whitechester,13,27473.28,2289.44
CUST000656,Premium,East Antoniotown,9,27463.120000000003,3051.457777777778
CUST000356,Regular,Dianeberg,10,27439.429999999993,2743.9429999999993
CUST000260,Premium,North Jameshaven,11,27376.680000000004,2488.789090909091
CUST000436,Basic,East Sarahview,13,27329.39,2102.2607692307693
CUST000008,Basic,West Vickifort,11,27297.360000000004,2481.578181818182
CUST000237,Regular,East Rachel,10,27253.76,2725.3759999999997
CUST000606,Regular,Whiteburgh,11,27195.390000000003,2472.308181818182
CUST000396,Basic,Lisabury,6,27167.780000000002,4527.963333333334
CUST000101,Premium,Lake Janetton,13,27134.579999999998,2087.2753846153846
CUST000098,Regular,Williamville,13,27069.63,2082.2792307692307
CUST000149,Premium,Jacobside,13,27054.71,2081.131538461538
CUST000264,Regular,Roystad,10,27048.770000000004,2704.8770000000004
CUST000621,Premium,Davisfurt,11,27034.99,2457.7263636363637
CUST000568,Regular,North Charlesbury,11,27034.89,2457.7172727272728
CUST000899,Premium,New Dawn,12,27029.019999999997,2457.183636363636
CUST000270,Regular,Lake Glenntown,13,27004.710000000003,2077.285384615385
CUST000713,Regular,West Melanie,9,26998.78,2999.8644444444444
CUST000637,Regular,Toddmouth,11,26992.67,2453.879090909091
CUST000560,Regular,Brittanyville,7,26967.14,3852.4485714285715
CUST000873,Regular,Scottland,9,26948.870000000003,2994.318888888889
CUST000547,Premium,Jimenezburgh,8,26944.93,3368.11625
CUST000762,Regular,North Jonathanton,9,26897.88,2988.6533333333336
CUST000108,Basic,Lake William,15,26844.01,1789.6006666666665
CUST000576,Basic,Patriciaport,9,26817.280000000006,2979.6977777777784
CUST000551,Regular,West Samantha,12,26796.120000000003,2233.01
CUST000897,Regular,Veronicaton,10,26794.15,2679.415
CUST000167,Regular,Tiffanyborough,10,26770.489999999998,2677.049
CUST000643,Regular,Collinstown,8,26768.099999999995,3346.0124999999994
CUST000845,Premium,Angelaview,10,26754.97,2675.4970000000003
CUST000609,Regular,Sarahburgh,9,26710.9,2967.8777777777777
CUST000601,Premium,North Brandon,9,26706.039999999997,2967.3377777777773
CUST000841,Premium,Sharpshire,8,26702.160000000003,3337.7700000000004
CUST000940,Regular,Staceyborough,11,26679.840000000007,2425.4400000000005
CUST000688,Regular,West Johnborough,14,26668.28,1904.8771428571429
CUST000335,Premium,Port Russellborough,14,26655.780000000002,2050.4446153846156
CUST000961,Premium,Wrightstad,10,26618.56,2661.856
CUST000049,Regular,Lake Marymouth,13,26603.1,2046.3923076923077
CUST000520,Premium,Leeburgh,7,26595.870000000003,3799.4100000000003
CUST000635,Premium,West Jennifertown,11,26569.550000000003,2415.4136363636367
CUST000386,Basic,Marquezport,10,26559.530000000002,2655.9530000000004
CUST000193,Basic,Stevenside,9,26491.050000000003,2943.4500000000003
CUST000776,Premium,Comptonmouth,12,26485.059999999998,2207.088333333333
CUST000227,Basic,South Jacobmouth,13,26471.810000000005,2036.2930769230773
CUST000769,Regular,Susanberg,9,26396.09,2932.898888888889
CUST000784,Regular,West Ruthside,10,26358.02,2635.802
CUST000070,Basic,Jocelynborough,12,26292.219999999998,2191.018333333333
CUST000734,Regular,Henryfort,9,26244.42,2916.0466666666666
CUST000345,Regular,Codyland,14,26238.48,1874.1771428571428
CUST000999,Basic,Jaredburgh,10,26193.199999999997,2619.3199999999997
CUST000261,Regular,Lewisfurt,12,26153.2,2179.4333333333334
CUST000838,Regular,Scottfurt,13,26151.050000000003,2011.619230769231
CUST000093,Basic,North Jeremy,11,26107.930000000004,2900.8811111111117
CUST000756,Basic,Torresberg,8,26087.18,3260.8975
CUST000308,Regular,Lake Brian,11,26075.33,2370.4845454545457
CUST000986,Regular,Port Jennifer,9,26019.230000000003,3252.4037500000004
CUST000989,Regular,New Aaronbury,9,25985.170000000002,2887.2411111111114
CUST000760,Basic,New Sydney,12,25974.460000000003,2164.5383333333334
CUST000870,Basic,Lake Heatherton,13,25966.189999999995,2163.8491666666664
CUST000134,Regular,Port Lindsay,10,25914.45,2591.445
CUST000709,Regular,South Dana,10,25899.299999999996,2877.6999999999994
CUST000094,Regular,Timothybury,9,25866.83,2874.0922222222225
CUST000604,Premium,Lake Gloriaberg,10,25847.899999999998,2584.79
CUST000550,Basic,West Carla,10,25819.769999999997,2868.863333333333
CUST000315,Basic,Rioschester,7,25807.89,3686.8414285714284
CUST000844,Basic,Nolantown,7,25766.560000000005,3680.9371428571435
CUST000253,Basic,South Jasonburgh,8,25700.25,3212.53125
CUST000202,Premium,Lake Jamieview,12,25632.859999999997,2136.0716666666663
CUST000895,Regular,Tinamouth,11,25553.11,2555.311
CUST000659,Regular,Charlesshire,10,25547.83,2554.7830000000004
CUST000964,Regular,South Zacharytown,8,25543.63,3192.95375
CUST000095,Basic,Georgemouth,8,25526.780000000002,3190.8475000000003
CUST000775,Basic,New Laurenbury,9,25510.690000000002,3188.8362500000003
CUST000563,Premium,Coxbury,10,25510.02,2551.002
CUST000053,Basic,Lake Fernandoville,11,25489.629999999997,2317.2390909090905
CUST000720,Basic,New Dianefort,8,25488.429999999997,3186.0537499999996
CUST000887,Regular,Natashashire,9,25485.520000000004,2831.724444444445
CUST000996,Premium,Woodsbury,10,25472.8,2547.2799999999997
CUST000357,Premium,Alexandershire,7,25464.350000000002,3637.764285714286
CUST000820,Regular,Hannahfort,9,25438.329999999998,2826.4811111111107
CUST000209,Premium,Hernandezbury,9,25402.329999999998,2822.4811111111107
CUST000380,Regular,Amystad,7,25389.020000000004,3627.002857142858
CUST000537,Basic,Jonathanmouth,8,25364.53,3170.56625
CUST000371,Premium,Port Brandyfurt,10,25315.78,2531.578
CUST000559,Basic,Craigmouth,6,25306.760000000002,4217.793333333334
CUST000959,Premium,Jessicafort,8,25201.0,3150.125
CUST000473,Premium,Debbieland,9,25186.3,2798.4777777777776
CUST000113,Basic,Schmidtberg,11,25056.850000000002,2277.895454545455
CUST000011,Premium,Meganland,10,25007.36,2778.5955555555556
CUST000132,Regular,New Bethanyland,8,24974.379999999997,3121.7974999999997
CUST000390,Basic,North Yvonne,9,24942.770000000004,2771.4188888888893
CUST000718,Basic,East Kennethmouth,8,24912.23,3114.02875
CUST000419,Regular,Port Jamie,8,24883.440000000002,3110.4300000000003
CUST000692,Regular,Rebeccatown,8,24866.59,3108.32375
CUST000525,Basic,Port David,11,24808.910000000003,2255.355454545455
CUST000487,Premium,North Stephanie,11,24780.800000000003,2252.8
CUST000250,Basic,New Jason,9,24779.069999999996,2753.2299999999996
CUST000398,Regular,Carriemouth,13,24752.410000000003,1904.0315384615387
CUST000622,Regular,Jessicahaven,7,24698.22,3528.317142857143
CUST000684,Regular,East Keithfort,10,24645.260000000002,2464.5260000000003
CUST000869,Basic,Bryanthaven,10,24633.420000000002,2463.342
CUST000055,Regular,South Amandaberg,9,24562.050000000003,2729.116666666667
CUST000742,Regular,Victoriaside,9,24547.18,2727.4644444444443
CUST000489,Basic,Burkechester,10,24532.14,2453.214
CUST000854,Basic,Jonesside,9,24510.24,2723.36
CUST000099,Premium,New Barbaraborough,5,24500.57,4900.114
CUST000752,Basic,Williamshaven,9,24468.46,2718.717777777778
CUST000073,Premium,Lake Robertland,10,24454.74,2445.474
CUST000925,Regular,Marissabury,12,24445.34,2037.1116666666667
CUST000077,Basic,Bakerburgh,12,24423.720000000005,2035.3100000000004
CUST000441,Premium,Millerhaven,9,24349.63,2705.5144444444445
CUST000417,Regular,Laurieshire,11,24327.420000000006,2211.5836363636367
CUST000727,Premium,Abigailside,9,24309.780000000002,2701.086666666667
CUST000806,Basic,West Nicholas,12,24295.810000000005,2024.6508333333338
CUST000443,Regular,Rollinsville,7,24291.059999999998,3470.1514285714284
CUST000404,Basic,Jacobhaven,11,24286.64,2207.8763636363637
CUST000176,Premium,Hoffmanstad,10,24282.79,2428.279
CUST000654,Basic,South Ronaldport,10,24255.77,2695.0855555555554
CUST000665,Premium,Williamschester,14,24230.11,1730.722142857143
CUST000407,Regular,Christophershire,14,24170.34,1859.2569230769232
CUST000249,Basic,Jonathanland,8,24165.5,3020.6875
CUST000383,Regular,Kevinport,8,24117.7,3014.7125
CUST000160,Basic,Lake Robert,8,24065.62,3008.2025
CUST000361,Regular,Woodardstad,10,24065.27,2406.527
CUST000476,Basic,Lake Anitaland,10,24000.94,3000.1175
CUST000294,Regular,Lake Kimberlyshire,7,23961.409999999996,3423.0585714285708
CUST000111,Regular,Aprilshire,12,23928.66,2175.3327272727274
CUST000434,Premium,North Alexander,6,23836.2,3972.7000000000003
CUST000597,Regular,New Elizabeth,7,23816.379999999997,3402.3399999999997
CUST000141,Basic,Welchville,14,23792.899999999998,1699.492857142857
CUST000052,Basic,Port Kevinland,10,23767.109999999997,2376.711
CUST000829,Basic,Christopherburgh,8,23765.149999999998,2970.6437499999997
CUST000610,Regular,Bryceland,8,23731.949999999997,2966.4937499999996
CUST000885,Basic,Williamsbury,8,23631.800000000003,2953.9750000000004
CUST000413,Basic,Larryport,7,23615.899999999998,3373.7
CUST000184,Basic,North Austin,9,23599.74,2622.1933333333336
CUST000790,Basic,New Benjamin,10,23580.109999999997,2358.0109999999995
CUST000462,Regular,Williamsport,7,23575.059999999998,3367.865714285714
CUST000772,Basic,Jameston,10,23560.01,2356.0009999999997
CUST000239,Regular,East Brandon,10,23559.08,2355.9080000000004
CUST000603,Premium,Coffeymouth,14,23532.71,1680.907857142857
CUST000732,Basic,Lake Craigberg,10,23515.35,2351.535
CUST000970,Regular,Lake Jennifer,7,23498.989999999998,3356.9985714285713
CUST000352,Basic,Lake Ashley,8,23427.16,3346.7371428571428
CUST000512,Regular,Munozville,9,23424.739999999994,2928.0924999999993
CUST000021,Regular,Boydburgh,10,23399.609999999997,2339.961
CUST000459,Premium,North Andrew,9,23396.91,2599.6566666666668
CUST000174,Regular,Port Patrick,8,23396.870000000003,2924.6087500000003
CUST000779,Basic,Kaylaville,8,23355.399999999998,2919.4249999999997
CUST000848,Basic,East Jade,9,23337.08,2593.008888888889
CUST000013,Basic,West Amandafurt,13,23336.89,2121.5354545454543
CUST000679,Basic,Lewiston,13,23332.25,1944.3541666666667
CUST000475,Regular,Guzmanmouth,6,23331.44,3888.5733333333333
CUST000169,Premium,Leroyshire,8,23308.760000000002,2913.5950000000003
CUST000130,Regular,Karenshire,9,23265.86,2908.2325
CUST000965,Regular,West Jeffreyshire,8,23255.71,2906.96375
CUST000342,Regular,Paulmouth,11,23255.44,2114.130909090909
CUST000438,Basic,South David,7,23229.56,3318.5085714285715
CUST000379,Basic,Kevinborough,8,23224.11,3870.685
CUST000313,Premium,Lake Melissashire,7,23203.93,3314.847142857143
CUST000701,Regular,Lake Carlos,13,23189.399999999998,1783.7999999999997
CUST000247,Regular,New Daniel,9,23178.18,2575.3533333333335
CUST000510,Basic,Stevenfort,8,23177.85,2897.23125
CUST000822,Premium,West David,10,23166.62,2316.662
CUST000263,Premium,Evanston,13,23161.37,1930.1141666666665
CUST000004,Regular,Tylerside,10,23143.14,2314.314
CUST000102,Regular,Ashleyport,8,23134.72,2891.84
CUST000726,Basic,Port Andrew,11,23088.159999999996,2098.923636363636
CUST000168,Premium,New Sean,9,23080.850000000002,2564.5388888888892
CUST000327,Regular,North Thomas,11,23048.070000000003,2095.2790909090913
CUST000704,Premium,Josestad,10,23000.780000000002,2300.0780000000004
CUST000716,Basic,Robertport,9,22996.0,2555.1111111111113
CUST000233,Regular,Lawsonmouth,11,22971.25,2297.125
CUST000282,Regular,Christopherport,10,22938.489999999998,2293.8489999999997
CUST000343,Premium,Jakemouth,13,22886.06,1760.466153846154
CUST000797,Basic,East Jessicastad,8,22874.81,2859.35125
CUST000276,Regular,South Juliechester,8,22864.07,2858.00875
CUST000749,Basic,Cynthiaton,11,22838.059999999998,2076.1872727272726
CUST000686,Regular,Gregoryland,9,22837.0,2537.4444444444443
CUST000458,Regular,Harrisview,13,22822.959999999995,1755.6123076923072
CUST000117,Basic,Henrychester,10,22779.989999999998,2277.999
CUST000644,Regular,South Angelabury,7,22756.820000000003,3792.8033333333337
CUST000036,Basic,South Erin,11,22755.76,2275.576
CUST000948,Basic,North Kathyborough,8,22728.129999999997,2841.0162499999997
CUST000170,Regular,Burnsberg,9,22693.949999999997,2521.5499999999997
CUST000758,Regular,Rhondamouth,10,22678.94,2267.894
CUST000444,Regular,Lake Adam,7,22665.8,3237.9714285714285
CUST000602,Regular,Karenfort,8,22562.3,2820.2875
CUST000114,Basic,Elizabethhaven,6,22555.74,3759.2900000000004
CUST000078,Premium,Hollandfort,7,22555.300000000007,3222.185714285715
CUST000201,Regular,Simpsonfurt,8,22521.25,2815.15625
CUST000199,Basic,Anthonyland,11,22504.530000000002,2045.8663636363638
CUST000067,Premium,Rubenfort,9,22481.15,2810.14375
CUST000338,Basic,West Joseph,8,22425.96,2803.245
CUST000382,Regular,New Robert,10,22418.71,2241.871
CUST000090,Regular,North Kathrynchester,14,22379.85,1721.526923076923
CUST000230,Regular,West Anafurt,11,22376.120000000003,2237.612
CUST000629,Premium,Lake Dawnburgh,12,22327.840000000004,2029.8036363636368
CUST000916,Regular,Murphyview,10,22311.29,2231.129
CUST000496,Regular,Brianland,11,22310.509999999995,2028.2281818181814
CUST000803,Regular,Erinburgh,14,22266.84,1855.57
CUST000246,Basic,New Kristina,10,22244.98,2224.498
CUST000676,Basic,Hunterstad,7,22236.73,3176.675714285714
CUST000283,Regular,South Jillian,6,22192.83,3698.8050000000003
CUST000240,Premium,North Nicoleside,12,22170.979999999996,1847.5816666666663
CUST000029,Regular,Kristenview,6,22165.719999999998,3694.2866666666664
CUST000824,Regular,South Maryland,9,22131.76,2459.084444444444
CUST000627,Regular,Keithbury,8,22125.170000000002,2765.6462500000002
CUST000847,Premium,Cynthiaberg,8,22119.290000000005,2764.9112500000006
CUST000265,Basic,Kristenborough,7,22095.43,3156.4900000000002
CUST000374,Regular,Johnsonmouth,11,22052.94,2004.8127272727272
CUST000857,Premium,Starkfort,10,22046.649999999998,2204.665
CUST000648,Regular,East Anntown,12,22040.16,1836.68
CUST000903,Premium,North Susanfort,6,22018.649999999998,3669.7749999999996
CUST000037,Regular,Port Ginaview,7,22006.4,3143.7714285714287
CUST000271,Basic,Port Janet,7,22005.760000000002,3143.6800000000003
CUST000553,Regular,West Mary,6,22004.33,3667.388333333334
CUST000884,Premium,North Stephaniestad,8,21969.6,2746.2
CUST000833,Premium,West Aliceside,8,21940.72,2742.59
CUST000548,Regular,Benjaminton,13,21920.63,1826.7191666666668
CUST000862,Regular,Michaelburgh,9,21905.940000000002,2433.993333333334
CUST000624,Regular,Mooremouth,7,21797.7,3113.957142857143
CUST000143,Regular,North Brianshire,10,21761.739999999998,2176.174
CUST000536,Basic,East Austinfort,8,21732.69,2716.58625
CUST000236,Basic,West Randy,10,21701.710000000003,2170.1710000000003
CUST000834,Premium,Shermantown,10,21663.02,2166.302
CUST000801,Basic,Christopherbury,7,21649.34,3092.7628571428572
CUST000843,Premium,North Krystal,7,21645.47,3092.21
CUST000205,Regular,Robertbury,10,21585.61,2158.561
CUST000952,Regular,New Christopherhaven,8,21550.24,2693.78
CUST000697,Regular,East Codyville,10,21544.85,2154.4849999999997
CUST000691,Regular,Carrollton,11,21536.51,1957.8645454545454
CUST000683,Premium,Nelsonburgh,9,21466.71,2683.33875
CUST000082,Regular,Lake Allen,12,21464.46,1788.705
CUST000872,Regular,Hawkinsland,7,21424.559999999998,3570.7599999999998
CUST000774,Regular,South Joshuatown,7,21418.31,3059.7585714285715
CUST000150,Regular,Gonzalezmouth,7,21395.39,3056.4842857142858
CUST000655,Regular,Smithfurt,14,21298.540000000005,1638.349230769231
CUST000468,Basic,Anneshire,12,21288.14,2128.814
CUST000450,Premium,Ortizberg,11,21281.09,2128.109
CUST000984,Premium,Lake Crystal,8,21263.94,2657.9925
CUST000490,Basic,Michaelberg,10,21234.73,2123.473
CUST000792,Regular,Lake Karen,8,21222.440000000002,2652.8050000000003
CUST000825,Regular,Susanbury,7,21217.46,3031.065714285714
CUST000947,Premium,South Russellport,6,21203.87,3533.978333333333
CUST000042,Regular,Lake Andreaton,7,21125.75,3017.964285714286
CUST000880,Regular,Lake Donald,7,21123.600000000002,3017.6571428571433
CUST000743,Basic,Lake Jeremystad,10,21119.440000000002,2111.9440000000004
CUST000877,Basic,Kennethfort,6,21051.46,3508.5766666666664
CUST000681,Basic,Port Marymouth,7,21045.34,3006.477142857143
CUST000668,Premium,Jenniferchester,9,21037.519999999997,2337.502222222222
CUST000592,Regular,Port Josephside,10,20994.42,2099.442
CUST000085,Regular,Wilsonstad,5,20976.5,4195.3
CUST000821,Basic,Guerraburgh,10,20973.350000000002,2097.335
CUST000721,Basic,East Sharon,8,20924.649999999998,2615.5812499999997
CUST000311,Regular,New Michelle,11,20892.000000000004,2089.2000000000003
CUST000121,Basic,Browningstad,11,20844.280000000002,1894.9345454545457
CUST000593,Premium,Erinberg,8,20822.58,2602.8225
CUST000689,Basic,Morenohaven,7,20785.23,2969.3185714285714
CUST000995,Regular,Port Trevor,6,20744.12,3457.353333333333
CUST000179,Basic,Kathybury,8,20710.5,2588.8125
CUST000392,Regular,Breannaburgh,8,20679.4,2584.925
CUST000673,Premium,Kimberlyburgh,10,20670.070000000003,2067.0070000000005
CUST000859,Regular,Lake Michaelchester,13,20668.769999999997,1589.9053846153843
CUST000809,Regular,Amandafurt,8,20619.94,2577.4925
CUST000284,Premium,Christinemouth,10,20619.160000000003,2061.916
CUST000373,Premium,Kaitlinview,9,20519.42,2279.9355555555553
CUST000913,Regular,New Chrisberg,9,20505.500000000004,2563.1875000000005
CUST000546,Regular,North Miguelborough,8,20498.520000000004,2562.3150000000005
CUST000207,Premium,Scotttown,12,20480.449999999997,1706.7041666666664
CUST000908,Regular,Lake Renee,11,20475.11,1861.3736363636365
CUST000974,Regular,Davidtown,6,20468.260000000002,3411.376666666667
CUST000034,Basic,Santosshire,9,20467.82,2274.202222222222
CUST000977,Regular,Bridgesberg,9,20442.24,2555.28
CUST000058,Premium,Brittneyport,10,20379.57,2264.3966666666665
CUST000985,Basic,Brownchester,9,20369.510000000002,2263.278888888889
CUST000519,Basic,Woodshire,8,20360.69,2545.08625
CUST000728,Basic,Smithfort,8,20357.04,2544.63
CUST000118,Premium,New William,12,20334.81,1694.5675
CUST000529,Premium,Walkerton,8,20331.78,2541.4725
CUST000359,Basic,Hamiltonside,7,20325.36,2903.6228571428574
CUST000103,Regular,Carrilloton,7,20250.17,2892.8814285714284
CUST000528,Regular,South Richard,7,20210.52,2887.217142857143
CUST000565,Regular,Lake Davidport,8,20195.79,2524.47375
CUST000087,Basic,West Angelaton,9,20192.97,2243.6633333333334
CUST000255,Premium,Weaverport,10,20159.34,2015.934
CUST000044,Basic,Ethanberg,6,20148.02,3358.0033333333336
CUST000437,Premium,Maryton,8,20129.86,2516.2325
CUST000706,Basic,New Danny,7,20096.870000000003,2870.9814285714288
CUST000211,Regular,Dianaville,11,20038.25,1821.659090909091
CUST000479,Basic,North Terrihaven,7,19999.850000000002,2857.121428571429
CUST000162,Regular,South Samanthatown,11,19943.170000000002,1813.0154545454548
CUST000060,Regular,Anthonymouth,8,19931.77,2491.47125
CUST000429,Regular,Port Max,10,19897.87,1989.7869999999998
CUST000092,Basic,Nicholasville,9,19842.179999999997,2204.6866666666665
CUST000652,Regular,Moorefort,8,19837.35,2479.66875
CUST000216,Regular,Parkermouth,8,19830.84,2832.977142857143
CUST000511,Regular,Brentshire,12,19777.35,1797.940909090909
CUST000573,Regular,Marksland,8,19769.23,2824.175714285714
CUST000967,Basic,Lake Nathanielbury,9,19756.91,2195.2122222222224
CUST000006,Premium,Austinfurt,11,19737.899999999998,1794.3545454545454
CUST000782,Regular,Lozanofurt,11,19724.87,1793.1699999999998
CUST000579,Regular,Lake Savannah,11,19719.350000000002,1792.6681818181821
CUST000522,Regular,Johnsonstad,10,19715.33,2464.41625
CUST000452,Regular,East Jeremiah,11,19703.54,1791.230909090909
CUST000853,Regular,West Lorettamouth,8,19701.42,2814.488571428571
CUST000826,Basic,Danielview,9,19635.219999999998,2181.691111111111
CUST000724,Basic,Lindseychester,8,19620.829999999998,2802.975714285714
CUST000917,Regular,Ryantown,10,19608.76,1960.8759999999997
CUST000495,Regular,Crystalmouth,9,19573.390000000003,2446.6737500000004
CUST000733,Regular,Loganfort,8,19569.710000000003,2446.2137500000003
CUST000938,Basic,Port Jermaineborough,9,19566.329999999998,2174.0366666666664
CUST000241,Basic,Port Phillipport,8,19558.67,2444.83375
CUST000321,Regular,Jacksonbury,9,19549.180000000004,2172.1311111111117
CUST000707,Regular,South Connie,6,19547.160000000003,3257.8600000000006
CUST000988,Regular,Anthonyland,10,19537.48,1953.748
CUST000068,Basic,Schroederborough,9,19535.800000000003,2170.6444444444446
CUST000165,Premium,East Davidport,9,19476.670000000002,2164.0744444444445
CUST000823,Regular,Jeromefort,7,19459.260000000002,2779.894285714286
CUST000325,Basic,South Krista,6,19458.22,3243.036666666667
CUST000298,Regular,Michelleberg,7,19409.52,2772.7885714285717
CUST000124,Premium,South Kristen,9,19398.25,2155.3611111111113
CUST000886,Premium,South Matthew,10,19334.19,1933.4189999999999
CUST000842,Regular,North Joseph,12,19334.049999999996,1757.6409090909087
CUST000796,Basic,Morganville,12,19322.57,1610.2141666666666
CUST000018,Regular,Cindyburgh,9,19310.45,2145.605555555556
CUST000408,Premium,Lake Kevinburgh,12,19295.37,1929.5369999999998
CUST000041,Premium,Juliefurt,7,19264.920000000002,2752.131428571429
CUST000385,Basic,South Christinefort,6,19263.6,3210.6
CUST000051,Basic,North William,9,19243.88,2138.208888888889
CUST000747,Regular,Lake Kevinport,6,19220.100000000002,3203.3500000000004
CUST000415,Regular,Taylorfort,9,19195.970000000005,2132.885555555556
CUST000040,Regular,Kerrimouth,6,19194.899999999998,3199.1499999999996
CUST000346,Regular,Joshuabury,8,19182.5,2397.8125
CUST000583,Regular,Ricktown,5,19176.65,3835.3300000000004
CUST000781,Regular,South Benjamin,7,19153.579999999998,2736.225714285714
CUST000739,Regular,Christopherside,10,19147.72,2393.465
CUST000971,Regular,North Russell,12,19140.16,1595.0133333333333
CUST000405,Regular,East Riley,8,19136.760000000002,2392.0950000000003
CUST000275,Regular,New Brady,7,19087.57,2726.7957142857144
CUST000157,Regular,North Lynnside,8,19087.02,2385.8775
CUST000456,Regular,Lake Susan,10,19051.82,1905.182
CUST000028,Regular,Taylorstad,5,18980.79,4745.1975
CUST000491,Regular,Timothymouth,11,18974.04,1897.404
CUST000998,Premium,Atkinsfurt,9,18967.38,2107.4866666666667
CUST000347,Regular,North Michaelborough,5,18962.48,3792.496
CUST000279,Basic,New Brendamouth,7,18909.729999999996,2701.3899999999994
CUST000480,Regular,Rasmussenbury,11,18894.28,1717.661818181818
CUST000791,Premium,Burnsport,13,18891.22,1453.1707692307693
CUST000267,Regular,Murphyhaven,8,18872.429999999997,2696.061428571428
CUST000416,Regular,Jillianland,10,18863.659999999996,1886.3659999999995
CUST000672,Basic,New Benjaminhaven,6,18835.71,3139.285
CUST000433,Regular,South Katherineton,7,18820.21,2688.6014285714286
CUST000035,Basic,Lake Charles,8,18802.14,2350.2675
CUST000647,Regular,East Kelliburgh,9,18754.440000000002,2083.826666666667
CUST000414,Regular,Nicholastown,6,18725.34,3120.89
CUST000302,Regular,Phillipsview,7,18706.4,2672.342857142857
CUST000827,Regular,Lewisberg,8,18689.51,2336.18875
CUST000493,Regular,Carlyshire,6,18662.37,3732.4739999999997
CUST000411,Regular,West Candace,12,18659.890000000003,1554.9908333333335
CUST000815,Basic,Travismouth,6,18536.26,3089.3766666666666
CUST000185,Regular,Clarkfort,6,18523.190000000002,3087.1983333333337
CUST000248,Basic,Ryanfort,10,18519.34,2057.7044444444446
CUST000636,Regular,Port Lauren,10,18510.660000000003,1851.0660000000003
CUST000153,Premium,West Juan,12,18439.65,1676.3318181818183
CUST000286,Premium,Michaelhaven,8,18432.97,2304.12125
CUST000614,Premium,Nataliemouth,5,18395.75,3679.15
CUST000109,Regular,East Morganville,9,18346.46,2038.4955555555555
CUST000617,Premium,West Christina,8,18342.949999999997,2292.8687499999996
CUST000344,Regular,Williamburgh,8,18339.74,2292.4675
CUST000145,Regular,Dawsonchester,7,18302.550000000003,2614.6500000000005
CUST000861,Basic,Thomasshire,10,18301.170000000002,1830.1170000000002
CUST000137,Regular,South Lisaview,6,18298.61,3049.7683333333334
CUST000746,Basic,East Douglastown,7,18294.94,2613.562857142857
CUST000765,Premium,North Josephfort,7,18290.96,2612.9942857142855
CUST000634,Regular,Lake Ronaldborough,7,18289.09,2612.727142857143
CUST000349,Regular,South Stevenville,8,18281.25,2285.15625
CUST000907,Basic,South Robert,8,18274.24,2284.28
CUST000488,Regular,Parkshire,6,18228.9,3038.15
CUST000545,Regular,South Matthewshire,10,18215.25,1821.525
CUST000381,Premium,New Katelyn,7,18211.95,2601.707142857143
CUST000020,Regular,Kylechester,7,18189.85,2598.5499999999997
CUST000467,Regular,South Charlesmouth,9,18164.43,2018.27
CUST000515,Premium,Kimberlyborough,14,18161.05,1297.2178571428572
CUST000026,Basic,Sandersside,10,18131.329999999998,2014.592222222222
CUST000337,Basic,Lancebury,10,18130.52,1813.0520000000001
CUST000106,Regular,Johnsonville,5,18076.440000000002,3615.2880000000005
CUST000105,Basic,East Kevin,5,18066.79,3613.358
CUST000955,Regular,Michaelburgh,9,17907.050000000003,1989.6722222222224
CUST000599,Premium,North Rodneystad,9,17889.76,1987.751111111111
CUST000400,Basic,Richardstad,6,17880.03,2980.0049999999997
CUST000570,Regular,New Barbara,13,17849.01,1487.4174999999998
CUST000027,Premium,Caseton,6,17828.16,2971.36
CUST000902,Premium,Angelaton,8,17818.89,2227.36125
CUST000268,Basic,Brucefort,8,17742.590000000004,2217.8237500000005
CUST000738,Basic,Tammyfort,8,17710.28,2213.785
CUST000715,Regular,Millerbury,8,17706.64,2213.33
CUST000331,Regular,Jameschester,7,17682.85,2947.1416666666664
CUST000785,Premium,Jesusmouth,9,17682.179999999997,1964.6866666666663
CUST000849,Regular,Lake Davidburgh,10,17668.0,1963.111111111111
CUST000975,Premium,Raymondside,6,17651.75,2941.9583333333335
CUST000990,Basic,Laurenborough,10,17648.11,1764.8110000000001
CUST000978,Premium,Barrettton,7,17620.58,2517.2257142857147
CUST000365,Basic,East Jackieland,6,17610.94,2935.1566666666663
CUST000453,Regular,Port Jesse,7,17593.73,2513.39
CUST000677,Premium,New Luisview,7,17421.559999999998,2488.7942857142853
CUST000753,Regular,Alexisview,11,17407.6,1582.5090909090907
CUST000254,Regular,Port Nicholasstad,11,17395.9,1932.877777777778
CUST000182,Premium,West Michaelaport,5,17392.920000000002,3478.5840000000003
CUST000914,Regular,Wilkersonborough,7,17322.120000000003,2474.588571428572
CUST000725,Regular,Port Kevinmouth,7,17281.26,2880.2099999999996
CUST000326,Basic,East Josephchester,6,17281.08,2880.1800000000003
CUST000567,Regular,Walterville,9,17263.429999999997,2157.9287499999996
CUST000197,Basic,West Davidfort,10,17222.49,1722.2490000000003
CUST000910,Regular,South Robert,8,17214.55,2151.81875
CUST000139,Regular,New Stephanieton,10,17199.87,1911.0966666666666
CUST000879,Premium,Phillipview,8,17170.46,2146.3075
CUST000956,Regular,Cherrystad,8,17147.13,2143.39125
CUST000281,Basic,Port Pamela,7,17100.39,2442.912857142857
CUST000814,Basic,Hernandezside,9,17087.010000000002,1898.5566666666668
CUST000541,Basic,South Christopher,9,17043.5,1893.7222222222222
CUST000958,Premium,New Emilymouth,5,17040.29,3408.058
CUST000941,Regular,West Richardmouth,9,16969.210000000003,1885.467777777778
CUST000173,Regular,Lake Michaelstad,11,16968.11,1542.5554545454545
CUST000430,Premium,Hendersonmouth,9,16960.68,1884.52
CUST000116,Basic,Jessicaland,8,16925.34,2115.6675
CUST000471,Premium,Gutierrezton,5,16896.57,3379.314
CUST000918,Basic,Davidport,5,16869.63,3373.9260000000004
CUST000638,Regular,West Walterport,8,16862.44,2408.9199999999996
CUST000552,Basic,East Jennifermouth,8,16753.2,2393.3142857142857
CUST000499,Basic,Lisachester,8,16728.42,2091.0525
CUST000802,Premium,Jonathantown,9,16722.89,1858.0988888888887
CUST000146,Premium,Lake Davidton,8,16685.82,2085.7275
CUST000935,Premium,Jefferyville,8,16679.95,2084.99375
CUST000763,Regular,Lake Shelly,8,16598.61,2074.82625
CUST000649,Basic,Lake Nicholashaven,10,16550.480000000003,1655.0480000000002
CUST000243,Basic,South Joel,6,16529.7,2754.9500000000003
CUST000508,Basic,North Karinachester,8,16481.12,2060.14
CUST000687,Regular,East Jennifer,8,16442.58,2055.3225
CUST000172,Premium,North Marymouth,9,16433.1,1825.8999999999999
CUST000062,Regular,Port Andreahaven,7,16429.85,2347.121428571428
CUST000017,Regular,Port Michelleburgh,9,16414.8,2051.85
CUST000097,Regular,Jeanburgh,7,16410.29,2344.327142857143
CUST000319,Premium,West Brenda,8,16391.75,2341.6785714285716
CUST000154,Regular,Amandafort,9,16356.08,2044.51
CUST000262,Basic,Lake Zachary,5,16353.1,3270.62
CUST000033,Premium,Tracyside,7,16327.710000000001,2332.53
CUST000616,Basic,Michaelborough,6,16324.38,2720.73
CUST000175,Regular,South Kelly,10,16312.49,1812.4988888888888
CUST000783,Regular,Larryberg,10,16285.92,2035.74
CUST000410,Premium,West Jasmineside,8,16247.98,2030.9975
CUST000088,Regular,Franktown,6,16246.08,2707.68
CUST000816,Regular,Lake Ashley,8,16238.320000000002,2029.7900000000002
CUST000719,Premium,Williamsport,7,16221.579999999998,2317.368571428571
CUST000163,Regular,Lake Jeanne,8,16215.320000000002,2026.9150000000002
CUST000377,Basic,Lake Wendy,10,16181.880000000001,1618.188
CUST000972,Basic,Vickitown,7,16159.310000000001,2308.4728571428573
CUST000909,Regular,Weberville,9,16152.66,1794.74
CUST000358,Regular,Joshuachester,9,16152.36,2019.045
CUST000922,Regular,Mosstown,6,16140.419999999998,2690.0699999999997
CUST000642,Regular,West Cindyhaven,9,16121.570000000002,2015.1962500000002
CUST000432,Basic,Welchberg,6,16118.23,2686.3716666666664
CUST000764,Basic,Harveyview,8,16110.21,2013.77625
CUST000435,Premium,New Joseph,6,16087.6,2681.266666666667
CUST000736,Basic,West Michael,11,16031.65,1457.4227272727273
CUST000191,Premium,Collinsside,7,16016.32,2669.3866666666668
CUST000517,Regular,Port Reginald,9,15977.18,2282.4542857142856
CUST000128,Basic,Jefferyfort,9,15961.720000000001,1773.5244444444445
CUST000894,Regular,South Josephmouth,9,15955.310000000001,1772.8122222222223
CUST000650,Regular,East Jenniferburgh,7,15951.7,2278.8142857142857
CUST000594,Regular,East Donaldmouth,10,15938.82,1593.882
CUST000936,Regular,East Nicole,10,15937.41,1770.8233333333333
CUST000367,Basic,South Melissa,5,15913.35,3978.3375
CUST000259,Regular,North Davidstad,7,15897.390000000001,2271.0557142857147
CUST000611,Premium,Welchborough,8,15878.720000000001,1984.8400000000001
CUST000667,Regular,South Michael,8,15850.74,1981.3425
CUST000001,Regular,Port Janicemouth,6,15810.740000000002,2635.1233333333334
CUST000973,Basic,Lake Jonathan,11,15731.69,1430.1536363636365
CUST000486,Basic,Williamchester,8,15661.050000000001,1957.6312500000001
CUST000464,Regular,Rossborough,8,15628.509999999998,1953.5637499999998
CUST000005,Premium,Wendyland,6,15621.300000000001,2603.55
CUST000766,Regular,Port Brianland,6,15613.210000000001,2602.201666666667
CUST000708,Basic,Cruzton,8,15606.310000000001,1950.7887500000002
CUST000181,Regular,Buchananmouth,9,15550.039999999999,1727.7822222222221
CUST000244,Regular,Allenburgh,8,15538.71,1942.33875
CUST000457,Premium,East Erin,6,15526.95,2587.8250000000003
CUST000350,Regular,South Kennethview,5,15524.75,3104.95
CUST000540,Premium,Port Aprilmouth,10,15514.329999999998,1551.4329999999998
CUST000626,Regular,Debrastad,4,15504.89,3876.2225
CUST000535,Basic,Lake Teresaborough,8,15490.770000000002,1936.3462500000003
CUST000693,Regular,Joseside,7,15460.11,2208.587142857143
CUST000698,Regular,Ramirezview,12,15447.900000000001,1404.3545454545456
CUST000461,Premium,Port Justin,8,15411.62,2201.6600000000003
CUST000056,Basic,East Tyrone,4,15401.539999999999,5133.846666666666
CUST000786,Basic,North William,7,15333.259999999998,2190.465714285714
CUST000424,Regular,West John,7,15303.97,2186.2814285714285
CUST000086,Regular,Christopherton,9,15290.969999999998,1911.3712499999997
CUST000625,Regular,Port Frederickton,6,15277.83,2546.305
CUST000186,Regular,New Melissa,4,15233.49,3808.3725
CUST000009,Regular,Sethton,5,15197.240000000002,3039.4480000000003
CUST000274,Basic,West Dylanville,6,15178.59,2529.765
CUST000928,Regular,Brianmouth,5,15157.46,3031.4919999999997
CUST000532,Basic,Roberthaven,8,15130.36,1891.295
CUST000372,Premium,Vasquezborough,4,15128.580000000002,3782.1450000000004
CUST000442,Basic,North Kathryn,5,15087.53,3017.5060000000003
CUST000939,Premium,Scottberg,4,15054.63,3763.6575
CUST000206,Premium,East Daleshire,5,15052.13,3010.426
CUST000881,Regular,Simmonsborough,8,15046.329999999998,1880.7912499999998
CUST000991,Basic,New William,9,14988.580000000002,1665.397777777778
CUST000277,Basic,Markland,8,14978.25,1872.28125
CUST000015,Premium,North Catherine,6,14936.490000000002,2489.4150000000004
CUST000504,Basic,Williamsside,8,14902.3,1862.7875
CUST000923,Basic,Anthonyhaven,9,14871.16,1652.351111111111
CUST000136,Regular,Hutchinsonfurt,5,14800.69,2960.138
CUST000767,Basic,Wallsstad,8,14756.130000000001,1844.5162500000001
CUST000394,Basic,Ryanville,8,14749.67,1843.70875
CUST000234,Regular,Port Danaland,5,14672.839999999998,2934.5679999999998
CUST000448,Basic,Shawnland,5,14655.8,2931.16
CUST000431,Premium,Jonesmouth,10,14644.470000000001,1627.1633333333334
CUST000446,Basic,East Kimberly,7,14642.380000000001,2440.396666666667
CUST000876,Premium,Taylorport,7,14640.43,2091.4900000000002
CUST000038,Premium,Lake Alexanderland,8,14559.610000000002,1819.9512500000003
CUST000578,Basic,New Nicholas,6,14468.539999999997,2411.4233333333327
CUST000292,Premium,Tamarahaven,5,14405.73,2881.1459999999997
CUST000422,Basic,South Janetport,7,14396.92,2056.7028571428573
CUST000662,Basic,Christinamouth,8,14377.509999999997,2053.9299999999994
CUST000993,Regular,Joelmouth,9,14341.13,1593.4588888888889
CUST000549,Regular,Rosalesfort,6,14331.269999999999,2388.5449999999996
CUST000131,Regular,East Vanessa,6,14330.29,2388.3816666666667
CUST000353,Regular,Michaelton,4,14259.720000000001,3564.9300000000003
CUST000465,Basic,Port Jennymouth,5,14213.26,2842.652
CUST000595,Basic,Mistystad,8,14184.95,1773.11875
CUST000306,Basic,South Joeton,6,14158.44,2359.7400000000002
CUST000135,Basic,South Teresa,5,14157.34,2831.468
CUST000628,Basic,Port Ryan,4,14104.3,3526.075
CUST000795,Premium,Lake Matthew,6,14095.31,2349.2183333333332
CUST000571,Regular,South Kennethborough,10,14045.09,1404.509
CUST000805,Regular,Danielland,4,14031.650000000001,3507.9125000000004
CUST000632,Basic,South Lorishire,5,14022.55,2804.5099999999998
CUST000569,Basic,Jodishire,13,13989.96,1165.83
CUST000770,Basic,East Christopher,9,13985.159999999998,1553.9066666666665
CUST000187,Basic,East Stacey,6,13968.52,2328.0866666666666
CUST000221,Regular,Aprilberg,10,13955.939999999999,1395.5939999999998
CUST000389,Basic,South Antonio,6,13942.24,2323.7066666666665
CUST000930,Regular,South Kathleen,8,13938.220000000001,1742.2775000000001
CUST000485,Regular,New Dalefurt,8,13922.43,1740.30375
CUST000577,Premium,Jessefurt,8,13911.09,1738.88625
CUST000107,Regular,West Jeffreyville,7,13908.420000000002,1986.917142857143
CUST000509,Basic,Greggtown,8,13863.939999999999,1732.9924999999998
CUST000641,Premium,Martineztown,7,13860.12,2310.02
CUST000363,Regular,North Theresaside,8,13853.169999999998,1731.6462499999998
CUST000190,Regular,North Heidibury,5,13810.2,2762.04
CUST000992,Regular,Castillofurt,5,13798.4,2759.68
CUST000148,Regular,Lisaton,8,13767.110000000002,1720.8887500000003
CUST000591,Premium,Fernandobury,5,13751.73,2750.346
CUST000911,Regular,Port Joshua,8,13702.94,1712.8675
CUST000954,Basic,South Ryanland,5,13702.429999999998,2740.486
CUST000865,Regular,New Amber,6,13700.36,2283.3933333333334
CUST000251,Regular,Guerrerobury,7,13646.59,2274.431666666667
CUST000744,Regular,South Christopherbury,6,13631.699999999999,2271.95
CUST000596,Regular,South Jennifer,6,13622.919999999998,2270.486666666666
CUST000025,Regular,Jessicabury,6,13605.33,2267.555
CUST000423,Premium,Amandafort,7,13567.4,2261.233333333333
CUST000030,Premium,Dodsonbury,8,13519.56,1931.3657142857141
CUST000355,Premium,Wallaceville,13,13503.419999999998,1125.2849999999999
CUST000065,Regular,Davidbury,5,13479.259999999998,2695.852
CUST000920,Premium,Johnland,9,13478.510000000002,1497.6122222222225
CUST000516,Premium,Clarkemouth,6,13473.61,2245.601666666667
CUST000502,Regular,Port Chelseashire,7,13466.76,1923.8228571428572
CUST000229,Basic,New Heathermouth,5,13446.0,2689.2
CUST000811,Basic,South Williamshire,7,13386.51,1912.3585714285714
CUST000530,Basic,Ashleyshire,6,13384.18,2230.6966666666667
CUST000126,Regular,North Kylie,7,13363.55,1909.0785714285714
CUST000651,Premium,South Melissamouth,7,13287.109999999999,1898.1585714285713
CUST000836,Regular,Lake Allen,6,13259.54,2209.9233333333336
CUST000864,Regular,New Ryanberg,6,13227.04,2204.5066666666667
CUST000297,Basic,Johnsonland,4,13197.279999999999,3299.3199999999997
CUST000778,Basic,Cynthiahaven,6,13169.41,2194.9016666666666
CUST000871,Regular,West Elizabethmouth,9,13147.74,1460.86
CUST000022,Premium,Lake Aaronfort,7,13103.91,1871.9871428571428
CUST000329,Regular,Wrighttown,7,13060.02,2176.67
CUST000600,Premium,Adamview,9,13059.42,1451.0466666666666
CUST000125,Regular,Lake Anthony,8,12948.850000000002,1618.6062500000003
CUST000245,Premium,New Jacobstad,4,12917.310000000001,3229.3275000000003
CUST000232,Regular,South Johnside,7,12903.1,1843.3
CUST000669,Premium,Davisborough,4,12880.08,3220.02
CUST000840,Regular,Port Taylormouth,9,12865.259999999998,1429.4733333333331
CUST000290,Regular,Atkinsonmouth,8,12853.92,1606.74
CUST000322,Basic,Sethport,4,12851.460000000001,3212.8650000000002
CUST000354,Premium,South Joshua,4,12826.810000000001,3206.7025000000003
CUST000194,Regular,New Monica,7,12796.91,1828.1299999999999
CUST000418,Regular,South Grace,8,12794.64,1827.8057142857142
CUST000320,Regular,Wallaceton,12,12789.400000000001,1278.94
CUST000151,Basic,Aliciafort,5,12787.41,2557.482
CUST000340,Premium,Port Kennethshire,8,12778.699999999999,1597.3374999999999
CUST000440,Premium,Yorkborough,6,12762.5,2127.0833333333335
CUST000562,Regular,Timothyview,5,12728.73,2545.746
CUST000196,Regular,Newmanland,8,12726.390000000001,1590.7987500000002
CUST000711,Basic,Cardenasfort,7,12709.700000000003,2118.2833333333338
CUST000901,Regular,North Anthony,5,12701.219999999998,2540.2439999999997
CUST000866,Regular,Port Timothy,6,12678.769999999999,2113.128333333333
CUST000328,Regular,South Justin,7,12639.480000000003,2106.5800000000004
CUST000631,Basic,Port Carlos,7,12625.3,1803.6142857142856
CUST000472,Basic,East Kennethmouth,7,12574.609999999999,1796.372857142857
CUST000789,Regular,West Joseburgh,4,12522.11,3130.5275
CUST000735,Regular,East Amandaville,7,12433.18,1776.1685714285716
CUST000980,Regular,Mooremouth,6,12404.329999999998,2067.388333333333
CUST000590,Premium,Taraborough,6,12362.42,2060.403333333333
CUST000575,Basic,Walkerfort,6,12346.0,2057.6666666666665
CUST000574,Regular,West Courtneyborough,6,12345.85,2057.641666666667
CUST000946,Premium,Sydneyberg,5,12309.7,3077.425
CUST000717,Basic,North Caroline,6,12236.5,2039.4166666666667
CUST000384,Basic,South Christianberg,6,12235.32,2039.22
CUST000066,Regular,Foxview,9,12164.550000000003,1351.616666666667
CUST000858,Regular,South Troyland,4,12143.670000000002,3035.9175000000005
CUST000850,Regular,Pamelatown,6,12106.939999999999,2017.823333333333
CUST000031,Regular,North Lisaport,7,12050.99,1721.57
CUST000300,Premium,Alanview,8,12027.93,1503.49125
CUST000703,Regular,South Tammy,9,11976.460000000001,1330.7177777777779
CUST000061,Regular,Lynnview,4,11974.14,2993.535
CUST000580,Regular,West Nathaniel,6,11967.14,1994.5233333333333
CUST000882,Regular,Port Emily,7,11951.27,1707.3242857142857
CUST000505,Regular,Mathewsmouth,5,11930.92,2386.184
CUST000755,Premium,South Christychester,6,11901.36,1983.5600000000002
CUST000210,Premium,Bowmanside,5,11858.16,2371.632
CUST000620,Basic,Johnton,6,11812.4,1968.7333333333333
CUST000063,Basic,New Christina,7,11794.26,1684.8942857142858
CUST000501,Regular,Thomasbury,5,11772.28,2354.456
CUST000640,Regular,Nicolefurt,9,11736.03,1304.0033333333333
CUST000837,Basic,Port Alexisshire,6,11728.56,1954.76
CUST000680,Basic,Ramirezland,4,11717.46,2929.365
CUST000142,Regular,South Shawnport,4,11647.490000000002,2911.8725000000004
CUST000660,Regular,Lake Josetown,10,11632.550000000001,1292.5055555555557
CUST000455,Premium,West Janice,6,11612.130000000001,1935.3550000000002
CUST000057,Premium,Conleyhaven,6,11603.550000000001,1933.9250000000002
CUST000403,Regular,Isabellastad,11,11599.34,1054.4854545454546
CUST000674,Regular,Loganmouth,6,11582.52,1930.42
CUST000425,Premium,West Erin,7,11555.869999999999,1650.8385714285712
CUST000619,Basic,Derekchester,5,11524.500000000002,2304.9000000000005
CUST000855,Regular,Lake Donnaland,7,11470.890000000001,1911.8150000000003
CUST000273,Basic,New Dwayneborough,3,11309.779999999999,3769.9266666666663
CUST000180,Premium,East Paigefort,7,11110.24,1851.7066666666667
CUST000839,Regular,East Brandon,7,11093.41,1584.7728571428572
CUST000874,Regular,West Heather,5,11092.14,2218.428
CUST000091,Premium,East Kevinburgh,6,11074.45,1845.7416666666668
CUST000927,Regular,West Francisco,4,11070.240000000002,2767.5600000000004
CUST000612,Basic,North Cynthiaton,8,11046.73,1380.84125
CUST000081,Basic,Joehaven,5,11039.630000000001,2207.9260000000004
CUST000564,Premium,Davishaven,8,10991.89,1373.98625
CUST000932,Basic,North Carl,6,10888.75,1814.7916666666667
CUST000449,Regular,Stevenview,8,10881.94,1360.2425
CUST000780,Regular,Christophermouth,7,10824.539999999999,1546.362857142857
CUST000875,Premium,Lake Michael,7,10739.25,1534.1785714285713
CUST000064,Regular,Murrayland,7,10737.98,1533.9971428571428
CUST000566,Regular,New William,7,10661.630000000001,1523.0900000000001
CUST000477,Premium,West Kathy,6,10623.14,2124.6279999999997
CUST000904,Regular,Wilsonchester,7,10607.68,1767.9466666666667
CUST000586,Regular,Nguyenhaven,6,10560.869999999999,1760.1449999999998
CUST000198,Basic,Port Joseph,3,10530.24,3510.08
CUST000120,Regular,Heidimouth,8,10500.23,1312.52875
CUST000926,Premium,Coopertown,6,10443.86,1740.6433333333334
CUST000506,Premium,Gutierrezhaven,7,10432.500000000002,1738.7500000000002
CUST000572,Basic,East Jillianstad,6,10405.78,1734.2966666666669
CUST000362,Regular,Shawnachester,10,10403.37,1040.337
CUST000891,Basic,New Antonio,8,10353.52,1294.19
CUST000997,Basic,New Michelleside,6,10326.89,1721.1483333333333
CUST000378,Premium,North Robertbury,5,10311.95,2062.3900000000003
CUST000478,Regular,Timothyview,4,10272.63,2568.1575
CUST000534,Regular,Romeroton,4,10271.630000000001,2567.9075000000003
CUST000127,Basic,Kentchester,5,10247.029999999999,2049.406
CUST000615,Basic,South Anthony,4,10222.48,2555.62
CUST000399,Basic,South Danielshire,6,10176.98,2035.396
CUST000310,Regular,Garciashire,3,10129.27,3376.4233333333336
CUST000915,Regular,North Kathleen,5,10038.8,2007.7599999999998
CUST000075,Basic,Lisabury,7,10018.17,1431.1671428571428
CUST000618,Regular,New Stephenberg,6,10008.529999999999,2001.7059999999997
CUST000100,Premium,Lake Brenda,3,9984.56,3328.1866666666665
CUST000696,Regular,Lewisport,4,9904.240000000002,2476.0600000000004
CUST000159,Regular,Gibsonfort,8,9898.11,1237.26375
CUST000671,Premium,Jacobsbury,5,9796.68,1959.336
CUST000812,Basic,West Lorichester,7,9795.580000000002,1632.596666666667
CUST000919,Basic,North Erica,4,9782.4,2445.6
CUST000900,Premium,Charlesside,8,9751.08,1218.885
CUST000420,Basic,South Jennifer,5,9707.75,1941.55
CUST000222,Regular,New William,7,9636.6,1376.6571428571428
CUST000285,Regular,Brewerberg,7,9628.779999999999,1375.5399999999997
CUST000863,Regular,Richardfort,3,9609.44,3203.146666666667
CUST000445,Basic,West Christopherside,5,9604.14,1920.828
CUST000192,Basic,West Linda,6,9598.390000000001,1599.7316666666668
CUST000226,Regular,Adambury,8,9539.93,1192.49125
CUST000768,Basic,Richardsonstad,4,9527.8,2381.95
CUST000585,Regular,Port Coltonburgh,4,9443.490000000002,2360.8725000000004
CUST000426,Regular,Dawnborough,8,9407.64,1343.9485714285713
CUST000050,Premium,Vaughnshire,3,9404.130000000001,3134.7100000000005
CUST000242,Basic,Gloriaview,7,9336.68,1333.8114285714287
CUST000223,Premium,South Brandon,5,9286.79,1857.3580000000002
CUST000828,Regular,Frostbury,6,9258.47,1543.0783333333331
CUST000694,Regular,Brentview,6,9200.81,1533.4683333333332
CUST000047,Regular,Lake Nicholas,5,9147.79,1829.5580000000002
CUST000289,Regular,Port Samuelmouth,5,9050.490000000002,1810.0980000000004
CUST000224,Regular,Blakeburgh,6,9035.34,1807.068
CUST000852,Basic,East Teresa,5,8987.220000000001,2246.8050000000003
CUST000307,Regular,Port Mark,4,8968.46,2242.115
CUST000348,Premium,Dawnton,6,8968.380000000001,1494.7300000000002
CUST000663,Regular,New Angelatown,5,8958.74,1791.748
CUST000832,Regular,Humphreyville,3,8884.14,2961.3799999999997
CUST000830,Regular,Crystalton,6,8813.670000000002,1762.7340000000004
CUST000754,Regular,Millerburgh,7,8752.64,1458.7733333333333
CUST000741,Regular,Haleyberg,3,8751.97,2917.3233333333333
CUST000969,Regular,Douglasfort,3,8731.67,2910.556666666667
CUST000934,Regular,Leeton,3,8709.52,4354.76
CUST000406,Basic,North Marymouth,6,8701.830000000002,1450.3050000000003
CUST000761,Premium,West Samanthatown,5,8697.45,1739.4900000000002
CUST000531,Basic,Ronaldtown,6,8677.83,1446.305
CUST000177,Regular,Coryshire,5,8652.91,1730.5819999999999
CUST000316,Regular,Vegahaven,5,8646.46,1729.292
CUST000272,Basic,East Vincentport,7,8642.849999999999,1234.6928571428568
CUST000587,Premium,East Michelestad,2,8611.86,4305.93
CUST000195,Regular,Millerton,8,8595.7,1227.957142857143
CUST000366,Regular,North Joseph,5,8578.2,2144.55
CUST000943,Regular,West Patriciamouth,4,8564.14,2141.035
CUST000810,Premium,Lisamouth,7,8442.500000000002,1206.071428571429
CUST000639,Regular,Emmamouth,4,8341.59,2085.3975
CUST000401,Premium,East Alyssa,6,8309.07,1384.845
CUST000295,Premium,Sanchezland,5,8264.09,1652.818
CUST000312,Premium,East William,3,8260.16,2753.3866666666668
CUST000483,Regular,Prestonville,5,8218.31,1643.6619999999998
CUST000513,Basic,Zhangbury,8,8213.98,1026.7475
CUST000561,Basic,Meganmouth,8,8170.46,1021.3075
CUST000675,Regular,Shortmouth,4,8147.58,2715.86
CUST000695,Premium,West Earl,6,8107.949999999999,1351.3249999999998
CUST000454,Basic,Burnsmouth,6,8074.870000000001,1345.8116666666667
CUST000470,Basic,Alvaradomouth,5,8016.5199999999995,1603.3039999999999
CUST000750,Regular,Sandraport,6,8011.24,1335.2066666666667
CUST000953,Premium,Lake Monicashire,5,7967.47,1593.4940000000001
CUST000878,Regular,Christopherchester,8,7941.809999999999,1134.5442857142855
CUST000966,Regular,Delgadoport,6,7922.82,1584.5639999999999
CUST000039,Regular,West Ginaville,5,7922.73,1584.5459999999998
CUST001000,Regular,Crystalburgh,6,7916.2,1319.3666666666666
CUST000074,Basic,Danielleburgh,2,7737.7,3868.85
CUST000788,Regular,Humphreyburgh,3,7611.99,2537.33
CUST000299,Regular,Kingstad,5,7610.09,1522.018
CUST000375,Premium,Grossborough,5,7594.24,1898.56
CUST000129,Premium,Port Travisport,7,7553.18,1079.0257142857142
CUST000235,Premium,Jimeneztown,8,7551.349999999999,943.9187499999999
CUST000817,Regular,West Jennifer,6,7518.77,1253.1283333333333
CUST000851,Premium,Josephport,5,7330.08,1832.52
CUST000514,Basic,Jeffreyhaven,7,7279.4800000000005,1039.9257142857143
CUST000500,Basic,Halemouth,5,7232.5599999999995,1446.512
CUST000208,Regular,North Ashleyfort,7,7188.3,1026.9
CUST000219,Regular,Morganburgh,4,7187.01,1796.7525
CUST000076,Basic,East Emilyborough,6,7165.35,1194.2250000000001
CUST000189,Regular,North Michaelmouth,4,7026.42,1756.605
CUST000794,Regular,Danielbury,9,7025.76,780.64
CUST000987,Regular,North Donnaberg,4,6870.080000000001,1717.5200000000002
CUST000460,Premium,West Lucaston,6,6760.92,1126.82
CUST000054,Basic,Randyborough,3,6721.200000000001,2240.4
CUST000469,Regular,East John,4,6656.799999999999,1664.1999999999998
CUST000046,Regular,New Christopher,5,6593.23,1318.646
CUST000538,Regular,New Amberport,3,6575.5599999999995,2191.853333333333
CUST000906,Basic,Port Kevin,5,6546.0,1309.2
CUST000466,Regular,Lake Danielfort,3,6472.66,2157.5533333333333
CUST000140,Basic,Brettville,7,6449.84,1074.9733333333334
CUST000314,Basic,New Mary,4,6415.93,1603.9825
CUST000024,Regular,South Angelaberg,3,6395.17,2131.7233333333334
CUST000048,Regular,Alicialand,4,6371.24,2123.7466666666664
CUST000645,Premium,Hartmanside,2,6112.84,3056.42
CUST000122,Basic,Lake Markside,3,6074.88,3037.44
CUST000950,Regular,Gallagherfurt,6,6068.860000000001,1011.4766666666668
CUST000178,Regular,East Robert,6,5916.629999999999,1183.3259999999998
CUST000757,Regular,Gonzalesmouth,5,5880.9,1470.225
CUST000994,Regular,West Andrea,4,5858.42,1464.605
CUST000664,Regular,Ramosberg,4,5688.400000000001,1422.1000000000001
CUST000729,Regular,Michelleberg,9,5618.719999999999,802.6742857142856
CUST000942,Regular,Angelaland,3,5556.46,1852.1533333333334
CUST000589,Premium,Lake Mary,1,5367.87,5367.87
CUST000096,Regular,Howardmouth,6,5275.26,879.21
CUST000556,Regular,West Williamside,2,5176.65,2588.325
CUST000084,Premium,Cervantesberg,5,5165.74,1033.148
CUST000123,Regular,Amberstad,4,4912.43,1228.1075
CUST000722,Premium,West Gail,4,4822.8099999999995,1205.7024999999999
CUST000518,Basic,West Richardshire,7,4659.41,665.63
CUST000957,Regular,Danielchester,8,4659.2,582.4
CUST000003,Basic,Port Garystad,5,4464.22,892.844
CUST000777,Regular,New Matthew,4,4377.370000000001,1094.3425000000002
CUST000341,Regular,Lake Meganside,7,4223.56,603.3657142857144
CUST000539,Regular,West Timfort,4,3994.3999999999996,998.5999999999999
CUST000069,Premium,Hillmouth,3,3802.86,1267.6200000000001
CUST000630,Regular,Jacobsport,2,3683.7200000000003,1841.8600000000001
CUST000291,Premium,Ryanton,1,3627.08,3627.08
CUST000608,Regular,North Joshuafurt,6,3021.82,604.364
CUST000010,Basic,New Katherinestad,3,3003.56,1001.1866666666666
CUST000605,Premium,Port Austin,3,2953.15,984.3833333333333
CUST000324,Regular,Lake Biancafurt,1,2648.8,2648.8
CUST000949,Basic,North Jeremystad,2,2572.6,2572.6
CUST000968,Regular,Port Jeremyside,3,2515.21,838.4033333333333
CUST000979,Regular,North Scottside,3,2377.89,792.63
CUST000370,Premium,Vasquezland,2,634.98,634.98
