sale_id,product_id,customer_id,quantity,unit_price,sale_date
S00001,P041,C0034,9,244.7,2024-12-04
S00002,P006,C0082,7,531.11,2023-02-22
S00003,P001,C0043,3,38.06,2023-02-15
S00004,P011,C0095,8,91.01,2023-09-26
S00005,P036,C0002,2,380.88,2024-03-13
S00006,P010,C0070,1,160.96,2024-12-08
S00007,P036,C0019,7,393.5,2024-08-19
S00008,P024,C0006,6,677.01,2023-11-12
S00009,P043,C0014,6,886.93,2023-09-13
S00010,P040,C0096,3,750.26,2024-02-21
S00011,P011,C0023,7,67.64,2023-08-31
S00012,P027,C0086,4,199.56,2023-12-07
S00013,P007,C0049,1,222.69,2024-12-19
S00014,P013,C0059,6,585.59,2023-08-16
S00015,P015,C0004,4,426.02,2023-08-22
S00016,P005,C0099,5,82.8,2023-10-13
S00017,P026,C0087,9,604.54,2024-06-05
S00018,P008,C0034,3,676.81,2023-01-29
S00019,P003,C0014,10,528.65,2023-09-29
S00020,P028,C0078,9,147.59,2023-11-18
S00021,P013,C0033,1,716.51,2024-08-13
S00022,P034,C0069,4,81.35,2023-01-02
S00023,P043,C0043,10,705.58,2023-03-13
S00024,P047,C0039,9,93.82,2023-05-08
S00025,P021,C0052,5,556.15,2024-02-23
S00026,P027,C0086,7,245.93,2023-07-16
S00027,P040,C0073,5,589.53,2023-06-28
S00028,P020,C0037,4,138.49,2023-01-01
S00029,P039,C0084,6,540.83,2024-08-16
S00030,P044,C0028,9,689.12,2024-03-28
S00031,P043,C0011,5,783.98,2023-06-23
S00032,P040,C0043,2,717.06,2024-10-10
S00033,P044,C0040,4,805.54,2023-08-29
S00034,P002,C0006,4,237.21,2023-05-31
S00035,P050,C0010,8,749.25,2024-09-17
S00036,P037,C0025,7,481.83,2024-10-06
S00037,P010,C0084,1,164.96,2023-09-07
S00038,P050,C0055,4,655.89,2023-04-20
S00039,P034,C0060,1,89.79,2024-12-13
S00040,P030,C0018,8,138.74,2023-05-05
S00041,P039,C0041,8,581.47,2024-07-26
S00042,P028,C0071,8,218.99,2024-05-31
S00043,P029,C0034,4,830.16,2024-05-01
S00044,P050,C0100,9,776.71,2023-10-11
S00045,P018,C0057,2,872.6,2023-09-02
S00046,P018,C0043,6,943.35,2023-08-29
S00047,P009,C0020,4,530.4,2023-03-24
S00048,P046,C0028,2,464.9,2023-06-06
S00049,P035,C0060,7,106.1,2023-12-05
S00050,P025,C0099,10,676.01,2024-03-06
S00051,P049,C0074,7,82.19,2023-01-21
S00052,P020,C0097,7,168.88,2023-12-27
S00053,P035,C0096,9,156.19,2024-03-05
S00054,P032,C0029,5,582.36,2023-08-14
S00055,P025,C0044,7,614.69,2023-01-30
S00056,P009,C0080,9,430.1,2024-04-23
S00057,P038,C0073,1,615.62,2024-02-08
S00058,P009,C0060,3,436.67,2024-03-14
S00059,P021,C0028,8,494.55,2024-01-24
S00060,P018,C0097,7,690.76,2024-01-24
S00061,P031,C0003,9,465.68,2023-03-25
S00062,P015,C0084,2,511.91,2023-12-25
S00063,P003,C0097,1,669.39,2024-10-29
S00064,P002,C0080,3,166.02,2023-07-24
S00065,P043,C0015,10,952.14,2024-04-29
S00066,P045,C0033,6,113.26,2024-04-21
S00067,P048,C0092,2,232.02,2024-09-13
S00068,P020,C0014,10,109.48,2023-06-17
S00069,P037,C0087,7,458.22,2023-11-16
S00070,P005,C0076,4,71.65,2023-07-23
S00071,P044,C0077,2,801.93,2023-11-05
S00072,P003,C0045,9,526.96,2024-08-02
S00073,P005,C0065,6,67.66,2024-01-15
S00074,P032,C0014,7,740.28,2024-03-06
S00075,P030,C0091,3,123.89,2024-10-12
S00076,P042,C0035,10,21.4,2024-06-18
S00077,P050,C0062,8,757.52,2024-07-05
S00078,P018,C0042,4,918.79,2024-08-29
S00079,P018,C0058,4,887.16,2023-03-30
S00080,P040,C0086,7,567.98,2024-08-06
S00081,P021,C0024,8,463.49,2024-05-21
S00082,P022,C0036,10,543.2,2023-09-22
S00083,P036,C0002,9,591.92,2023-10-10
S00084,P016,C0093,7,465.96,2023-03-29
S00085,P045,C0061,8,132.3,2023-09-04
S00086,P006,C0038,4,434.22,2023-01-18
S00087,P020,C0085,10,134.12,2023-09-07
S00088,P034,C0045,7,108.95,2024-07-20
S00089,P022,C0046,8,437.02,2024-07-17
S00090,P015,C0016,4,407.41,2023-09-15
S00091,P049,C0089,3,70.33,2024-07-02
S00092,P018,C0093,10,976.3,2024-05-10
S00093,P039,C0037,2,642.01,2024-06-21
S00094,P015,C0047,3,404.43,2023-10-31
S00095,P035,C0017,5,104.96,2024-12-26
S00096,P036,C0038,3,516.92,2023-02-25
S00097,P007,C0002,10,168.47,2024-05-17
S00098,P029,C0044,3,874.74,2024-05-05
S00099,P031,C0015,2,570.27,2023-09-16
S00100,P037,C0081,1,399.04,2023-03-17
S00101,P020,C0011,4,116.14,2024-07-30
S00102,P039,C0077,10,474.96,2024-03-02
S00103,P025,C0058,8,496.73,2024-06-19
S00104,P028,C0040,10,193.76,2024-08-25
S00105,P048,C0013,4,216.51,2024-09-16
S00106,P043,C0011,3,676.78,2023-09-28
S00107,P005,C0021,1,85.36,2024-07-19
S00108,P039,C0061,5,421.83,2024-12-06
S00109,P046,C0037,8,381.46,2023-10-23
S00110,P017,C0081,10,56.1,2023-08-28
S00111,P028,C0015,9,157.56,2023-07-22
S00112,P018,C0019,2,614.82,2023-06-02
S00113,P039,C0096,10,666.39,2023-11-11
S00114,P008,C0060,5,715.56,2024-03-25
S00115,P033,C0070,8,290.48,2023-10-06
S00116,P003,C0056,6,574.87,2024-09-04
S00117,P006,C0030,10,475.88,2023-01-27
S00118,P049,C0087,5,86.32,2023-01-22
S00119,P031,C0067,8,724.9,2023-06-29
S00120,P038,C0056,8,959.63,2023-07-05
S00121,P023,C0053,6,131.22,2024-04-26
S00122,P011,C0043,7,97.31,2023-04-18
S00123,P043,C0052,9,597.75,2023-10-23
S00124,P021,C0033,6,437.45,2023-04-01
S00125,P033,C0001,9,294.11,2024-02-18
S00126,P013,C0067,6,688.57,2023-02-25
S00127,P041,C0057,1,209.63,2024-05-25
S00128,P009,C0037,8,670.62,2024-07-16
S00129,P008,C0004,10,747.96,2024-05-11
S00130,P011,C0040,9,67.15,2024-12-27
S00131,P006,C0029,2,447.23,2024-02-22
S00132,P042,C0020,8,22.56,2023-05-01
S00133,P033,C0091,5,287.14,2023-10-26
S00134,P031,C0032,8,615.45,2024-05-09
S00135,P013,C0077,9,728.68,2024-01-28
S00136,P005,C0036,7,82.29,2023-05-20
S00137,P018,C0001,5,877.53,2024-06-03
S00138,P038,C0085,8,919.29,2024-08-24
S00139,P035,C0062,6,124.44,2024-04-02
S00140,P025,C0059,6,654.88,2024-07-10
S00141,P016,C0074,7,406.21,2024-12-15
S00142,P003,C0041,8,602.61,2024-02-25
S00143,P025,C0085,3,551.44,2024-01-26
S00144,P009,C0065,10,516.02,2023-02-07
S00145,P029,C0013,9,855.21,2023-04-13
S00146,P047,C0019,7,122.95,2023-01-16
S00147,P005,C0061,5,82.24,2023-06-08
S00148,P026,C0084,2,776.42,2024-12-10
S00149,P035,C0049,6,144.44,2024-11-21
S00150,P035,C0005,10,106.51,2024-05-14
S00151,P044,C0037,4,784.66,2024-10-08
S00152,P007,C0098,2,183.51,2024-03-20
S00153,P020,C0004,1,130.92,2024-12-11
S00154,P019,C0046,6,303.13,2023-02-27
S00155,P034,C0053,10,95.21,2023-09-08
S00156,P011,C0023,2,93.58,2023-07-04
S00157,P040,C0088,4,617.85,2024-01-27
S00158,P010,C0030,8,147.4,2024-08-20
S00159,P017,C0086,1,62.28,2024-04-15
S00160,P019,C0087,9,260.32,2024-04-21
S00161,P023,C0076,5,154.12,2024-03-28
S00162,P045,C0033,8,159.27,2024-03-10
S00163,P025,C0062,2,480.11,2023-07-23
S00164,P023,C0074,5,179.61,2024-08-08
S00165,P002,C0085,7,169.46,2023-10-30
S00166,P044,C0100,1,841.88,2024-08-02
S00167,P019,C0100,4,330.83,2024-05-23
S00168,P015,C0082,4,475.93,2023-12-27
S00169,P049,C0093,3,88.48,2024-11-25
S00170,P042,C0006,5,21.22,2024-10-04
S00171,P038,C0047,3,618.03,2023-02-04
S00172,P021,C0096,7,453.62,2023-10-30
S00173,P035,C0047,9,135.95,2023-05-16
S00174,P011,C0033,8,109.45,2023-10-07
S00175,P048,C0044,2,200.5,2023-10-30
S00176,P010,C0097,4,162.72,2023-03-19
S00177,P026,C0072,6,525.03,2024-11-21
S00178,P001,C0034,9,28.91,2024-02-09
S00179,P044,C0096,5,728.01,2024-01-13
S00180,P024,C0014,4,780.5,2024-10-15
S00181,P036,C0042,10,416.21,2024-09-26
S00182,P041,C0060,5,264.48,2023-03-06
S00183,P009,C0006,1,508.24,2023-04-30
S00184,P008,C0013,4,776.57,2024-05-19
S00185,P025,C0059,6,599.85,2023-05-19
S00186,P035,C0054,10,152.28,2024-12-14
S00187,P027,C0084,2,263.6,2023-06-08
S00188,P027,C0036,1,247.4,2024-09-22
S00189,P029,C0057,4,835.69,2023-08-11
S00190,P044,C0048,9,838.77,2023-04-12
S00191,P023,C0008,7,127.96,2024-10-22
S00192,P030,C0012,4,137.09,2023-05-06
S00193,P002,C0007,6,166.5,2024-09-03
S00194,P037,C0027,2,562.87,2023-05-09
S00195,P014,C0076,4,504.71,2024-07-21
S00196,P022,C0100,3,564.78,2023-08-27
S00197,P001,C0036,3,44.3,2024-09-02
S00198,P017,C0023,2,56.1,2024-07-07
S00199,P009,C0002,6,645.02,2023-01-27
S00200,P038,C0042,1,650.72,2023-09-01
S00201,P009,C0095,7,570.69,2023-02-23
S00202,P031,C0058,6,604.04,2023-03-07
S00203,P029,C0065,4,867.61,2023-04-22
S00204,P047,C0085,9,93.43,2023-02-14
S00205,P002,C0008,8,224.16,2024-10-20
S00206,P044,C0014,8,772.66,2024-03-12
S00207,P005,C0011,6,94.3,2024-03-30
S00208,P009,C0036,10,600.83,2023-03-09
S00209,P046,C0042,7,605.66,2024-07-15
S00210,P019,C0059,9,330.57,2024-06-27
S00211,P045,C0015,9,150.82,2023-04-12
S00212,P028,C0058,4,174.83,2023-08-09
S00213,P026,C0054,2,598.4,2024-04-09
S00214,P043,C0033,6,954.41,2023-11-17
S00215,P031,C0009,2,699.61,2024-12-04
S00216,P028,C0013,6,211.18,2023-04-06
S00217,P004,C0076,9,493.72,2024-07-23
S00218,P008,C0053,6,772.12,2024-11-17
S00219,P047,C0007,5,108.92,2024-03-09
S00220,P007,C0074,9,161.71,2023-12-27
S00221,P031,C0029,2,555.09,2024-11-03
S00222,P024,C0015,5,821.13,2024-07-23
S00223,P036,C0099,10,511.05,2024-03-15
S00224,P036,C0004,10,587.33,2024-10-20
S00225,P018,C0004,3,699.04,2024-12-11
S00226,P022,C0045,1,414.93,2023-11-13
S00227,P037,C0085,7,379.2,2023-05-27
S00228,P002,C0012,9,163.79,2024-10-10
S00229,P030,C0044,3,119.7,2024-03-05
S00230,P050,C0073,10,620.3,2023-11-29
S00231,P010,C0021,10,106.85,2023-02-23
S00232,P018,C0057,7,782.76,2023-03-25
S00233,P027,C0035,4,254.7,2024-03-28
S00234,P023,C0056,2,128.49,2023-04-27
S00235,P038,C0063,9,842.29,2024-11-25
S00236,P015,C0051,10,348.89,2023-02-16
S00237,P020,C0028,3,162.48,2023-07-29
S00238,P021,C0016,1,540.72,2023-10-24
S00239,P012,C0017,7,691.52,2024-03-16
S00240,P033,C0072,6,235.66,2023-08-24
S00241,P028,C0003,8,221.18,2023-02-13
S00242,P037,C0055,10,460.09,2023-11-17
S00243,P027,C0038,2,215.18,2024-10-17
S00244,P011,C0080,8,103.45,2023-11-29
S00245,P006,C0056,2,397.49,2024-01-06
S00246,P026,C0068,2,625.88,2024-08-26
S00247,P048,C0044,4,186.72,2023-11-14
S00248,P005,C0066,2,90.82,2023-06-22
S00249,P050,C0045,6,871.72,2023-07-18
S00250,P010,C0031,2,113.51,2024-10-22
S00251,P012,C0078,3,768.96,2023-07-22
S00252,P005,C0023,8,87.84,2024-11-02
S00253,P049,C0075,8,90.68,2024-07-31
S00254,P042,C0082,10,16.9,2024-08-01
S00255,P021,C0020,8,424.55,2024-10-04
S00256,P041,C0039,5,257.36,2024-03-28
S00257,P033,C0010,5,294.07,2023-12-27
S00258,P004,C0048,5,377.58,2023-02-08
S00259,P040,C0077,9,582.85,2023-04-03
S00260,P036,C0095,1,471.43,2024-08-17
S00261,P042,C0025,6,19.52,2024-08-08
S00262,P010,C0008,8,110.55,2024-05-28
S00263,P046,C0011,9,521.05,2023-12-18
S00264,P016,C0091,8,583.69,2023-02-10
S00265,P034,C0079,3,81.34,2024-06-20
S00266,P025,C0053,6,602.18,2023-10-17
S00267,P041,C0083,6,192.69,2023-02-23
S00268,P036,C0087,7,431.39,2023-04-07
S00269,P039,C0020,6,435.28,2024-11-03
S00270,P010,C0045,5,170.13,2024-11-10
S00271,P043,C0051,3,814.94,2024-12-16
S00272,P020,C0072,7,153.82,2023-03-28
S00273,P009,C0086,9,448.83,2023-12-03
S00274,P028,C0066,6,138.69,2024-11-17
S00275,P012,C0028,6,832.74,2023-11-13
S00276,P013,C0029,3,536.85,2024-05-12
S00277,P007,C0065,9,220.47,2023-10-30
S00278,P003,C0085,6,649.38,2024-06-23
S00279,P009,C0077,7,465.96,2024-09-24
S00280,P045,C0099,10,156.81,2023-07-05
S00281,P047,C0057,1,99.09,2023-06-19
S00282,P047,C0031,8,109.45,2024-11-23
S00283,P015,C0069,4,406.04,2024-04-04
S00284,P013,C0048,10,805.93,2024-04-25
S00285,P050,C0037,7,783.87,2024-04-17
S00286,P011,C0026,10,72.68,2024-03-04
S00287,P004,C0083,8,568.53,2023-09-14
S00288,P007,C0092,9,221.99,2024-07-21
S00289,P006,C0098,3,404.21,2023-10-19
S00290,P010,C0056,2,168.67,2024-06-09
S00291,P029,C0045,1,679.39,2023-08-16
S00292,P033,C0048,4,282.74,2024-02-10
S00293,P024,C0029,1,720.01,2023-03-25
S00294,P046,C0084,6,556.31,2023-04-12
S00295,P003,C0037,8,600.11,2023-05-21
S00296,P049,C0091,8,81.02,2023-05-23
S00297,P006,C0003,5,391.18,2023-01-06
S00298,P036,C0094,10,490.3,2023-06-03
S00299,P050,C0037,4,704.91,2023-04-24
S00300,P016,C0054,10,458.59,2023-02-18
S00301,P032,C0077,9,456.19,2023-04-24
S00302,P037,C0031,3,432.76,2024-06-11
S00303,P040,C0046,4,640.43,2023-01-02
S00304,P043,C0086,2,787.1,2023-07-11
S00305,P005,C0068,9,89.78,2024-01-05
S00306,P036,C0003,7,573.85,2024-06-03
S00307,P041,C0050,6,215.8,2023-02-14
S00308,P023,C0009,6,125.46,2023-01-17
S00309,P041,C0014,10,275.05,2024-11-03
S00310,P009,C0006,6,576.3,2023-12-07
S00311,P012,C0100,8,844.01,2024-10-20
S00312,P041,C0024,3,192.35,2024-05-05
S00313,P003,C0038,4,421.87,2024-04-13
S00314,P003,C0041,5,550.73,2023-07-24
S00315,P031,C0033,1,676.06,2024-07-10
S00316,P019,C0046,1,371.45,2023-07-15
S00317,P018,C0016,6,763.56,2023-12-06
S00318,P048,C0057,7,187.33,2024-02-14
S00319,P032,C0089,8,561.76,2023-07-11
S00320,P018,C0011,7,622.43,2024-06-15
S00321,P012,C0070,5,619.61,2024-09-08
S00322,P021,C0085,5,489.04,2023-03-23
S00323,P046,C0055,3,531.64,2024-09-09
S00324,P029,C0006,6,750.33,2023-12-26
S00325,P018,C0082,1,620.89,2024-03-21
S00326,P026,C0047,9,759.69,2024-10-14
S00327,P011,C0004,3,104.19,2024-11-26
S00328,P029,C0005,3,556.04,2024-11-25
S00329,P024,C0047,7,969.73,2024-10-22
S00330,P039,C0020,8,673.99,2023-02-03
S00331,P029,C0098,2,735.81,2024-01-16
S00332,P024,C0051,6,851.0,2024-06-26
S00333,P008,C0004,3,650.28,2023-09-13
S00334,P036,C0016,5,550.07,2024-02-01
S00335,P029,C0028,10,633.51,2024-12-21
S00336,P013,C0016,3,763.24,2024-05-17
S00337,P012,C0092,8,849.61,2024-04-07
S00338,P021,C0086,6,598.15,2024-11-29
S00339,P035,C0038,5,159.69,2024-07-17
S00340,P046,C0090,3,556.87,2024-12-29
S00341,P015,C0016,4,514.34,2024-06-04
S00342,P032,C0004,6,617.92,2023-08-31
S00343,P030,C0071,3,135.18,2024-01-13
S00344,P005,C0040,7,111.8,2023-03-30
S00345,P034,C0053,7,101.39,2024-05-05
S00346,P009,C0041,2,549.25,2023-03-17
S00347,P034,C0045,3,103.77,2024-11-27
S00348,P041,C0076,3,279.06,2024-07-18
S00349,P028,C0065,1,212.98,2023-05-13
S00350,P010,C0039,3,114.58,2024-06-14
S00351,P015,C0045,9,537.42,2024-12-27
S00352,P017,C0026,9,46.06,2023-03-22
S00353,P020,C0079,9,114.34,2024-10-02
S00354,P011,C0076,10,73.38,2024-10-18
S00355,P040,C0093,10,568.35,2024-11-05
S00356,P003,C0004,2,422.32,2024-07-31
S00357,P050,C0074,5,841.88,2024-10-18
S00358,P027,C0080,1,225.68,2024-08-08
S00359,P035,C0038,5,134.67,2024-10-04
S00360,P026,C0039,8,519.31,2024-12-02
S00361,P011,C0057,7,88.02,2023-03-03
S00362,P022,C0078,3,447.3,2023-07-28
S00363,P047,C0045,7,84.57,2023-11-23
S00364,P033,C0072,2,272.69,2024-01-15
S00365,P008,C0035,8,568.59,2024-04-22
S00366,P004,C0038,7,566.15,2023-04-10
S00367,P016,C0021,6,570.28,2024-03-04
S00368,P013,C0098,3,648.22,2023-11-17
S00369,P030,C0064,5,127.85,2024-06-11
S00370,P026,C0065,8,814.36,2023-04-03
S00371,P038,C0046,1,602.64,2023-08-09
S00372,P039,C0084,8,491.5,2024-05-21
S00373,P007,C0056,3,224.94,2023-01-09
S00374,P049,C0052,6,64.24,2024-01-10
S00375,P037,C0072,4,449.97,2023-02-22
S00376,P005,C0050,9,87.24,2023-10-23
S00377,P018,C0080,10,638.15,2024-07-17
S00378,P026,C0048,6,679.38,2023-04-10
S00379,P049,C0019,4,87.41,2024-01-10
S00380,P033,C0006,1,230.69,2024-02-16
S00381,P022,C0061,9,482.94,2024-12-31
S00382,P033,C0018,6,364.47,2024-09-12
S00383,P011,C0051,10,99.34,2023-11-23
S00384,P038,C0044,9,904.92,2023-11-03
S00385,P032,C0091,10,541.43,2024-06-29
S00386,P024,C0043,2,981.78,2023-01-18
S00387,P020,C0093,1,150.47,2024-08-20
S00388,P042,C0100,10,19.26,2023-09-29
S00389,P038,C0062,3,786.75,2023-02-22
S00390,P050,C0049,3,908.62,2024-09-26
S00391,P003,C0074,2,462.03,2023-09-06
S00392,P021,C0054,3,517.86,2024-03-27
S00393,P027,C0065,10,273.4,2023-07-28
S00394,P046,C0018,9,414.52,2023-03-05
S00395,P043,C0062,9,730.05,2023-11-29
S00396,P030,C0069,6,130.98,2023-06-27
S00397,P050,C0093,5,825.82,2024-11-23
S00398,P016,C0036,9,421.42,2023-07-16
S00399,P050,C0037,4,857.19,2023-11-01
S00400,P021,C0062,6,557.8,2024-05-15
S00401,P019,C0016,10,341.75,2023-10-08
S00402,P026,C0045,3,591.11,2024-01-24
S00403,P046,C0011,6,588.51,2023-10-22
S00404,P017,C0096,8,44.5,2024-11-02
S00405,P018,C0072,5,645.43,2024-07-05
S00406,P048,C0076,4,177.49,2024-09-22
S00407,P034,C0029,4,67.75,2024-11-16
S00408,P022,C0092,8,394.98,2024-02-28
S00409,P001,C0071,3,33.96,2023-05-21
S00410,P031,C0084,4,676.85,2024-05-02
S00411,P021,C0037,1,651.86,2023-10-22
S00412,P042,C0074,4,18.87,2023-04-02
S00413,P012,C0054,3,828.06,2023-02-08
S00414,P026,C0064,3,804.43,2023-02-07
S00415,P003,C0002,5,565.1,2023-10-24
S00416,P022,C0037,8,614.25,2023-04-20
S00417,P034,C0064,3,102.6,2024-07-10
S00418,P018,C0025,2,721.67,2024-04-24
S00419,P042,C0033,3,14.04,2024-04-14
S00420,P019,C0073,4,263.07,2023-12-12
S00421,P026,C0055,9,603.48,2024-10-16
S00422,P043,C0013,3,965.34,2024-02-15
S00423,P021,C0032,1,476.67,2024-05-03
S00424,P029,C0097,5,870.67,2023-08-30
S00425,P038,C0093,10,587.44,2023-11-06
S00426,P024,C0089,4,618.44,2024-10-31
S00427,P030,C0040,3,121.96,2023-05-02
S00428,P046,C0099,5,531.77,2024-05-29
S00429,P019,C0048,10,270.19,2024-10-16
S00430,P031,C0020,8,674.39,2023-05-17
S00431,P024,C0054,9,955.22,2024-09-12
S00432,P043,C0028,4,848.12,2024-07-04
S00433,P006,C0068,8,462.44,2024-09-02
S00434,P005,C0073,2,69.85,2024-01-06
S00435,P033,C0026,10,305.3,2024-07-14
S00436,P021,C0067,8,437.54,2023-06-18
S00437,P046,C0075,8,386.26,2023-07-30
S00438,P029,C0008,8,579.0,2024-06-06
S00439,P030,C0073,1,131.78,2024-03-01
S00440,P020,C0093,1,136.05,2024-11-19
S00441,P048,C0028,10,160.24,2023-01-04
S00442,P023,C0090,2,147.08,2024-03-09
S00443,P005,C0061,1,79.93,2023-03-03
S00444,P050,C0018,7,733.6,2023-07-04
S00445,P029,C0049,7,560.66,2024-01-27
S00446,P035,C0018,6,109.92,2024-11-08
S00447,P026,C0068,3,735.51,2024-07-04
S00448,P001,C0097,1,44.14,2023-08-17
S00449,P044,C0093,9,671.98,2024-04-19
S00450,P015,C0032,8,414.28,2024-01-24
S00451,P013,C0093,2,497.04,2023-10-10
S00452,P027,C0079,1,196.61,2024-11-07
S00453,P007,C0077,1,183.78,2023-03-10
S00454,P046,C0007,4,543.97,2024-11-19
S00455,P029,C0030,9,609.27,2024-02-16
S00456,P009,C0065,5,488.46,2023-02-27
S00457,P021,C0074,10,615.2,2024-08-12
S00458,P016,C0039,3,582.45,2023-11-25
S00459,P015,C0053,5,398.34,2024-06-17
S00460,P038,C0095,3,826.3,2024-07-24
S00461,P036,C0064,1,597.78,2024-03-13
S00462,P043,C0049,9,707.46,2024-10-20
S00463,P027,C0020,5,211.95,2024-03-02
S00464,P031,C0031,4,540.28,2024-07-04
S00465,P010,C0060,1,142.19,2024-12-25
S00466,P036,C0068,3,456.6,2024-03-02
S00467,P014,C0043,2,528.53,2023-09-19
S00468,P006,C0069,4,353.76,2024-01-15
S00469,P044,C0078,10,537.67,2024-01-22
S00470,P013,C0098,10,721.55,2023-03-16
S00471,P014,C0062,4,517.02,2024-07-26
S00472,P020,C0002,4,174.89,2023-12-07
S00473,P048,C0097,8,245.94,2023-05-01
S00474,P039,C0091,4,522.01,2024-12-13
S00475,P036,C0042,5,454.73,2023-09-03
S00476,P042,C0046,5,16.33,2024-06-30
S00477,P032,C0060,2,692.76,2024-06-09
S00478,P049,C0041,4,77.78,2024-04-25
S00479,P003,C0073,4,612.45,2024-02-28
S00480,P017,C0071,10,53.97,2023-01-17
S00481,P019,C0020,4,287.3,2024-03-03
S00482,P037,C0032,8,495.42,2024-01-24
S00483,P022,C0033,8,608.68,2024-12-02
S00484,P048,C0063,8,169.93,2024-10-19
S00485,P011,C0018,9,88.2,2023-12-27
S00486,P042,C0008,9,14.22,2024-07-09
S00487,P043,C0007,1,743.89,2023-03-18
S00488,P015,C0009,3,338.65,2024-10-07
S00489,P030,C0048,1,135.56,2024-06-01
S00490,P040,C0062,8,468.8,2024-11-13
S00491,P036,C0053,1,366.73,2024-06-28
S00492,P035,C0037,1,135.97,2023-10-09
S00493,P044,C0056,3,561.23,2024-12-15
S00494,P034,C0020,4,73.84,2023-04-09
S00495,P017,C0046,5,59.58,2024-06-23
S00496,P024,C0052,8,817.53,2023-03-22
S00497,P015,C0039,2,483.3,2024-12-14
S00498,P049,C0005,2,79.21,2024-10-27
S00499,P036,C0061,1,516.65,2024-01-22
S00500,P011,C0011,8,104.04,2024-12-20
S00501,P022,C0073,2,590.98,2024-10-22
S00502,P015,C0028,10,443.3,2023-02-13
S00503,P005,C0088,5,107.32,2023-02-17
S00504,P043,C0005,3,944.75,2024-07-31
S00505,P002,C0027,10,157.01,2023-11-19
S00506,P026,C0010,5,548.85,2024-12-30
S00507,P037,C0050,9,442.53,2023-09-04
S00508,P045,C0093,2,135.88,2023-05-24
S00509,P004,C0013,7,414.8,2023-12-21
S00510,P022,C0078,10,605.8,2023-03-19
S00511,P050,C0042,1,835.23,2024-02-11
S00512,P032,C0030,6,617.62,2024-04-06
S00513,P028,C0024,10,197.38,2024-01-20
S00514,P050,C0080,5,899.39,2023-03-29
S00515,P005,C0011,5,73.99,2024-12-31
S00516,P041,C0020,7,223.55,2024-12-29
S00517,P006,C0001,5,443.42,2023-04-20
S00518,P007,C0017,2,159.32,2023-10-04
S00519,P036,C0072,9,461.35,2024-04-04
S00520,P006,C0046,9,363.23,2023-01-27
S00521,P021,C0050,1,485.07,2024-09-04
S00522,P050,C0011,9,941.32,2024-02-02
S00523,P037,C0067,3,527.95,2023-09-06
S00524,P009,C0035,5,498.11,2023-06-23
S00525,P005,C0022,7,79.44,2023-05-30
S00526,P031,C0010,6,525.57,2023-11-03
S00527,P047,C0081,8,108.58,2023-09-10
S00528,P030,C0014,3,115.51,2023-07-20
S00529,P022,C0080,7,568.59,2024-02-10
S00530,P029,C0043,7,821.51,2023-12-04
S00531,P039,C0018,5,501.11,2024-10-28
S00532,P013,C0062,6,544.21,2024-12-12
S00533,P021,C0038,8,668.05,2024-02-12
S00534,P021,C0049,5,627.1,2023-09-06
S00535,P024,C0015,10,672.94,2024-02-07
S00536,P012,C0088,9,519.48,2024-07-12
S00537,P046,C0027,8,557.84,2024-04-17
S00538,P005,C0053,8,73.32,2024-12-10
S00539,P016,C0033,3,519.07,2023-11-07
S00540,P005,C0058,10,88.53,2024-01-22
S00541,P035,C0065,7,138.79,2024-02-15
S00542,P045,C0069,10,145.21,2024-01-04
S00543,P007,C0099,4,203.71,2023-03-29
S00544,P011,C0083,10,68.51,2023-12-30
S00545,P044,C0083,7,861.51,2024-10-22
S00546,P028,C0014,1,146.04,2023-12-06
S00547,P033,C0096,9,308.5,2023-08-16
S00548,P037,C0029,8,452.77,2024-12-05
S00549,P050,C0087,10,857.27,2024-04-19
S00550,P023,C0004,8,115.62,2023-06-04
S00551,P006,C0015,3,421.43,2024-03-01
S00552,P030,C0027,9,126.92,2023-12-18
S00553,P007,C0057,8,171.73,2024-05-02
S00554,P003,C0091,2,416.07,2023-11-04
S00555,P042,C0014,3,22.53,2023-12-18
S00556,P034,C0023,9,72.45,2023-09-07
S00557,P028,C0060,4,209.9,2024-07-27
S00558,P012,C0024,7,644.91,2024-10-06
S00559,P013,C0058,10,625.93,2024-09-20
S00560,P046,C0028,4,431.75,2023-01-05
S00561,P005,C0074,2,102.85,2024-12-21
S00562,P012,C0047,6,577.37,2024-07-03
S00563,P017,C0086,8,52.64,2023-04-27
S00564,P021,C0077,7,571.56,2024-10-16
S00565,P008,C0045,6,762.99,2024-08-24
S00566,P012,C0087,5,822.87,2024-09-24
S00567,P006,C0087,3,413.42,2024-08-27
S00568,P020,C0015,3,134.43,2023-09-02
S00569,P033,C0050,7,314.26,2023-05-25
S00570,P025,C0055,3,549.05,2024-08-11
S00571,P045,C0083,3,139.55,2024-07-04
S00572,P019,C0018,3,284.9,2024-05-16
S00573,P040,C0007,6,758.33,2024-04-06
S00574,P009,C0025,7,693.99,2024-05-11
S00575,P042,C0064,7,20.26,2024-06-01
S00576,P046,C0057,8,404.78,2024-03-01
S00577,P002,C0098,4,171.14,2024-08-01
S00578,P015,C0069,5,374.35,2023-10-09
S00579,P037,C0096,8,495.2,2024-04-13
S00580,P037,C0015,5,549.65,2023-04-26
S00581,P035,C0097,1,153.48,2024-01-11
S00582,P035,C0028,7,108.82,2024-03-27
S00583,P049,C0032,5,98.74,2024-10-31
S00584,P029,C0034,6,838.09,2023-02-03
S00585,P029,C0016,4,606.65,2023-03-31
S00586,P045,C0045,10,144.84,2024-08-25
S00587,P040,C0018,4,715.55,2023-06-19
S00588,P037,C0045,9,430.3,2023-03-02
S00589,P011,C0042,5,79.37,2024-07-05
S00590,P033,C0087,2,245.18,2023-10-01
S00591,P004,C0036,3,527.18,2024-02-26
S00592,P016,C0019,6,545.61,2023-05-16
S00593,P026,C0063,3,685.85,2024-11-23
S00594,P041,C0054,7,240.2,2023-10-03
S00595,P050,C0012,7,788.85,2024-10-10
S00596,P045,C0048,8,166.4,2023-10-12
S00597,P038,C0001,2,867.08,2023-12-02
S00598,P041,C0086,6,289.19,2024-04-14
S00599,P026,C0028,7,767.53,2024-07-01
S00600,P018,C0042,5,724.46,2024-05-21
S00601,P009,C0073,8,644.55,2024-08-14
S00602,P049,C0007,1,66.5,2024-11-29
S00603,P002,C0016,3,185.39,2024-04-15
S00604,P028,C0026,3,217.61,2023-01-01
S00605,P011,C0036,2,95.58,2023-11-06
S00606,P006,C0048,3,353.82,2023-09-14
S00607,P020,C0093,4,138.44,2024-10-02
S00608,P046,C0013,1,415.99,2023-04-04
S00609,P009,C0076,4,568.82,2023-03-21
S00610,P001,C0002,6,41.26,2024-03-31
S00611,P045,C0017,8,106.68,2024-03-08
S00612,P006,C0094,2,365.54,2024-01-28
S00613,P020,C0018,7,163.14,2024-01-12
S00614,P042,C0087,3,14.54,2023-05-17
S00615,P001,C0079,3,34.55,2024-07-30
S00616,P041,C0096,3,297.78,2023-08-07
S00617,P044,C0057,4,554.13,2024-09-22
S00618,P009,C0097,2,588.57,2023-04-13
S00619,P023,C0055,6,165.09,2024-01-29
S00620,P018,C0083,2,689.14,2023-09-11
S00621,P039,C0093,10,491.27,2024-09-07
S00622,P002,C0085,5,162.86,2024-12-08
S00623,P033,C0025,7,269.16,2024-09-13
S00624,P016,C0064,7,377.9,2023-02-25
S00625,P041,C0077,2,249.59,2024-05-26
S00626,P024,C0041,3,746.99,2023-01-13
S00627,P027,C0047,9,246.57,2024-08-05
S00628,P050,C0010,1,816.93,2024-04-27
S00629,P017,C0028,1,62.89,2023-01-15
S00630,P033,C0037,9,339.85,2024-02-12
S00631,P045,C0052,2,145.37,2024-03-09
S00632,P040,C0020,5,489.79,2024-07-04
S00633,P033,C0027,3,305.26,2023-03-22
S00634,P038,C0082,2,703.55,2024-02-05
S00635,P047,C0031,1,90.46,2024-03-23
S00636,P008,C0059,10,685.99,2024-03-20
S00637,P043,C0095,3,629.94,2023-11-13
S00638,P009,C0090,1,468.66,2024-12-25
S00639,P034,C0067,5,72.75,2023-12-22
S00640,P048,C0100,5,227.46,2023-05-10
S00641,P050,C0004,6,902.93,2023-05-01
S00642,P034,C0009,5,96.55,2023-10-06
S00643,P041,C0010,8,240.6,2024-08-13
S00644,P004,C0064,10,399.17,2024-01-04
S00645,P017,C0099,2,62.16,2023-06-11
S00646,P047,C0015,4,116.2,2024-11-21
S00647,P003,C0002,4,422.46,2023-01-03
S00648,P025,C0020,3,671.89,2024-01-08
S00649,P036,C0092,7,416.97,2023-02-06
S00650,P027,C0093,6,200.07,2023-09-12
S00651,P037,C0048,2,483.68,2023-03-21
S00652,P012,C0029,9,844.22,2023-02-23
S00653,P005,C0060,5,101.69,2024-02-15
S00654,P021,C0012,9,529.71,2023-11-15
S00655,P013,C0038,10,741.08,2024-01-13
S00656,P016,C0060,6,490.13,2024-09-29
S00657,P050,C0100,4,873.71,2024-05-20
S00658,P049,C0032,3,62.63,2024-07-13
S00659,P002,C0030,9,176.33,2024-02-24
S00660,P001,C0043,1,40.23,2024-12-11
S00661,P048,C0094,5,163.38,2024-01-21
S00662,P016,C0054,8,576.7,2024-06-26
S00663,P046,C0036,2,374.83,2023-05-26
S00664,P034,C0053,6,85.47,2023-08-26
S00665,P038,C0013,9,634.89,2023-03-28
S00666,P005,C0076,10,69.88,2024-02-08
S00667,P009,C0031,5,496.02,2024-11-09
S00668,P026,C0090,6,600.22,2023-11-19
S00669,P015,C0010,4,367.14,2023-10-06
S00670,P007,C0020,2,157.14,2024-08-21
S00671,P021,C0053,2,551.15,2024-04-22
S00672,P029,C0040,8,626.21,2023-08-01
S00673,P006,C0021,5,530.43,2023-05-03
S00674,P039,C0006,4,642.92,2024-12-14
S00675,P010,C0012,4,170.18,2023-12-02
S00676,P033,C0007,5,263.86,2024-02-10
S00677,P002,C0052,8,196.34,2023-06-28
S00678,P016,C0013,8,375.36,2024-07-17
S00679,P008,C0002,1,758.06,2023-05-24
S00680,P009,C0026,7,527.36,2023-08-16
S00681,P042,C0011,10,19.34,2024-10-07
S00682,P002,C0009,4,229.43,2023-03-18
S00683,P009,C0012,6,457.02,2024-03-30
S00684,P004,C0022,10,462.94,2024-04-17
S00685,P032,C0004,7,656.78,2024-02-09
S00686,P023,C0028,3,127.9,2023-06-26
S00687,P010,C0005,10,146.1,2024-04-01
S00688,P042,C0038,8,17.73,2023-09-09
S00689,P031,C0008,2,533.99,2024-07-17
S00690,P027,C0026,9,197.57,2023-05-21
S00691,P002,C0049,6,189.05,2024-07-10
S00692,P023,C0073,9,131.26,2024-05-11
S00693,P012,C0004,6,713.47,2023-10-04
S00694,P050,C0036,1,903.53,2023-01-31
S00695,P034,C0046,10,109.08,2024-04-28
S00696,P007,C0032,4,166.79,2023-06-13
S00697,P049,C0029,10,97.56,2023-02-27
S00698,P023,C0023,3,125.13,2024-02-02
S00699,P048,C0090,6,245.9,2023-11-22
S00700,P046,C0090,6,594.23,2023-01-29
S00701,P010,C0073,4,161.1,2024-07-31
S00702,P035,C0040,3,135.17,2024-05-19
S00703,P004,C0030,10,411.61,2023-04-03
S00704,P031,C0001,6,725.45,2024-06-23
S00705,P009,C0044,3,681.3,2023-07-26
S00706,P004,C0003,3,499.68,2023-11-28
S00707,P050,C0015,9,923.89,2023-05-26
S00708,P024,C0091,7,825.85,2023-03-16
S00709,P020,C0042,3,177.67,2023-12-11
S00710,P041,C0063,6,206.02,2024-03-23
S00711,P045,C0079,6,117.03,2024-07-29
S00712,P012,C0049,5,760.04,2024-08-26
S00713,P009,C0023,1,689.76,2023-10-29
S00714,P026,C0099,10,505.91,2024-08-09
S00715,P021,C0079,4,579.23,2024-09-08
S00716,P032,C0019,6,675.47,2023-04-17
S00717,P023,C0041,3,153.93,2023-09-01
S00718,P046,C0086,6,472.61,2023-04-01
S00719,P014,C0032,2,403.77,2023-09-29
S00720,P047,C0001,1,97.8,2023-04-21
S00721,P011,C0053,8,105.66,2024-03-05
S00722,P035,C0049,2,158.15,2023-12-26
S00723,P042,C0098,4,15.42,2024-08-14
S00724,P003,C0038,1,496.99,2023-03-17
S00725,P005,C0044,3,106.81,2023-04-18
S00726,P047,C0010,9,126.62,2023-06-14
S00727,P022,C0077,10,590.59,2023-04-06
S00728,P002,C0056,3,201.24,2024-12-22
S00729,P011,C0007,2,81.23,2024-03-20
S00730,P027,C0090,9,250.98,2023-07-14
S00731,P017,C0085,5,46.66,2024-07-07
S00732,P004,C0051,10,490.84,2023-04-09
S00733,P010,C0007,6,103.68,2024-05-17
S00734,P019,C0085,10,310.93,2023-03-31
S00735,P002,C0027,3,204.19,2023-04-10
S00736,P031,C0015,5,685.54,2023-03-25
S00737,P032,C0085,5,478.66,2024-04-27
S00738,P025,C0024,6,659.27,2024-07-11
S00739,P012,C0058,1,599.9,2024-01-14
S00740,P017,C0029,5,53.59,2024-04-21
S00741,P049,C0090,2,65.93,2023-06-04
S00742,P035,C0053,10,117.32,2023-12-19
S00743,P025,C0067,7,681.42,2023-03-04
S00744,P031,C0074,4,592.94,2024-12-04
S00745,P026,C0092,1,660.98,2023-03-22
S00746,P037,C0087,10,398.01,2024-06-13
S00747,P012,C0022,4,785.38,2024-04-04
S00748,P003,C0055,2,679.96,2023-05-10
S00749,P013,C0081,3,757.17,2024-03-21
S00750,P021,C0094,2,429.63,2023-09-22
S00751,P026,C0071,6,778.03,2024-07-23
S00752,P030,C0002,10,133.62,2024-06-16
S00753,P008,C0054,3,536.15,2024-03-05
S00754,P038,C0098,2,942.48,2024-08-25
S00755,P050,C0013,5,926.55,2024-07-30
S00756,P027,C0034,7,243.39,2023-12-19
S00757,P039,C0061,1,460.24,2024-08-08
S00758,P010,C0080,10,150.35,2024-02-17
S00759,P003,C0051,6,598.59,2024-02-16
S00760,P048,C0061,5,244.17,2023-02-20
S00761,P022,C0039,5,439.35,2023-01-21
S00762,P045,C0088,2,167.91,2024-05-18
S00763,P009,C0039,8,640.53,2023-08-22
S00764,P018,C0094,7,829.8,2023-11-25
S00765,P013,C0057,4,782.9,2023-04-02
S00766,P048,C0063,9,241.13,2024-02-21
S00767,P033,C0021,2,271.49,2023-02-27
S00768,P026,C0018,9,785.52,2024-06-02
S00769,P012,C0025,4,795.08,2023-01-30
S00770,P003,C0059,1,660.76,2023-09-13
S00771,P013,C0036,6,753.73,2024-12-22
S00772,P026,C0082,2,720.1,2024-06-01
S00773,P024,C0063,10,770.45,2023-09-05
S00774,P038,C0071,6,716.79,2024-04-30
S00775,P048,C0089,2,181.83,2023-09-22
S00776,P004,C0021,10,545.96,2024-01-31
S00777,P015,C0083,4,488.67,2023-08-08
S00778,P042,C0053,9,14.09,2023-10-03
S00779,P001,C0061,3,38.24,2024-11-29
S00780,P001,C0029,5,37.55,2024-09-07
S00781,P046,C0091,5,467.07,2023-11-09
S00782,P023,C0059,5,123.81,2024-01-21
S00783,P044,C0067,10,662.56,2023-11-06
S00784,P001,C0066,6,36.71,2023-04-15
S00785,P039,C0037,5,601.22,2024-08-31
S00786,P005,C0044,5,95.74,2024-05-08
S00787,P017,C0084,5,43.83,2023-10-11
S00788,P049,C0031,1,95.85,2024-06-13
S00789,P026,C0085,6,719.96,2024-09-06
S00790,P042,C0064,5,16.31,2023-01-27
S00791,P026,C0050,1,687.7,2024-03-04
S00792,P013,C0044,4,709.22,2024-08-08
S00793,P031,C0086,6,602.26,2024-10-15
S00794,P043,C0072,3,697.75,2023-06-24
S00795,P009,C0095,5,626.77,2024-04-27
S00796,P049,C0024,6,89.57,2024-07-26
S00797,P023,C0029,5,138.38,2023-08-16
S00798,P024,C0034,10,710.26,2023-12-06
S00799,P031,C0007,10,624.16,2023-05-01
S00800,P005,C0061,4,89.48,2024-09-27
S00801,P025,C0068,5,528.72,2024-11-28
S00802,P009,C0026,6,537.77,2023-06-04
S00803,P030,C0019,6,151.21,2024-08-06
S00804,P050,C0011,8,717.23,2023-07-04
S00805,P021,C0082,1,407.34,2023-07-01
S00806,P014,C0098,3,453.04,2023-10-08
S00807,P032,C0098,2,490.18,2023-06-12
S00808,P041,C0055,7,237.38,2024-03-20
S00809,P025,C0001,1,562.07,2024-05-03
S00810,P001,C0042,9,30.11,2024-01-18
S00811,P001,C0081,4,30.74,2024-11-23
S00812,P020,C0017,2,135.16,2023-12-19
S00813,P020,C0022,2,166.76,2024-08-25
S00814,P019,C0059,9,329.15,2023-11-02
S00815,P028,C0088,3,168.34,2023-12-12
S00816,P023,C0097,4,119.96,2024-05-16
S00817,P002,C0030,4,212.69,2024-02-18
S00818,P014,C0094,1,455.97,2023-05-15
S00819,P008,C0047,1,609.99,2023-06-23
S00820,P017,C0099,9,55.12,2024-10-17
S00821,P004,C0085,2,515.72,2024-08-31
S00822,P004,C0089,2,459.01,2023-01-21
S00823,P008,C0071,5,642.26,2024-01-25
S00824,P014,C0089,1,393.0,2023-06-06
S00825,P007,C0085,9,167.11,2024-11-08
S00826,P045,C0018,7,158.28,2024-09-12
S00827,P033,C0093,10,242.5,2023-04-18
S00828,P007,C0064,4,199.12,2023-04-27
S00829,P034,C0026,6,96.16,2023-09-27
S00830,P011,C0006,9,88.56,2023-10-30
S00831,P045,C0062,6,117.79,2023-08-01
S00832,P043,C0012,2,908.37,2023-01-14
S00833,P032,C0020,2,685.75,2024-11-16
S00834,P047,C0093,2,124.7,2023-03-18
S00835,P015,C0059,5,395.87,2024-10-21
S00836,P007,C0023,1,222.09,2023-02-21
S00837,P044,C0041,7,781.79,2024-01-04
S00838,P049,C0006,1,97.79,2023-04-08
S00839,P042,C0022,6,17.22,2024-11-10
S00840,P040,C0035,2,579.18,2024-03-24
S00841,P012,C0015,7,646.5,2023-12-17
S00842,P018,C0050,8,906.64,2024-04-12
S00843,P011,C0015,3,97.42,2024-10-26
S00844,P011,C0014,7,106.96,2023-03-02
S00845,P037,C0087,8,406.18,2024-05-09
S00846,P050,C0046,10,598.33,2024-01-24
S00847,P047,C0017,8,125.51,2024-12-01
S00848,P027,C0057,1,176.58,2023-04-26
S00849,P021,C0002,9,613.85,2024-11-01
S00850,P047,C0073,4,128.49,2024-08-13
S00851,P022,C0067,9,540.01,2024-11-16
S00852,P007,C0056,4,187.13,2024-09-25
S00853,P044,C0083,7,575.78,2024-11-10
S00854,P040,C0007,1,662.93,2024-07-25
S00855,P033,C0061,8,355.18,2023-06-10
S00856,P049,C0063,6,72.38,2023-03-18
S00857,P004,C0065,4,491.04,2023-10-12
S00858,P026,C0031,2,646.78,2024-01-23
S00859,P029,C0012,8,690.8,2024-08-09
S00860,P032,C0096,1,482.13,2023-05-02
S00861,P003,C0072,9,409.94,2024-02-27
S00862,P039,C0080,5,657.84,2023-04-04
S00863,P014,C0084,8,534.67,2024-07-29
S00864,P004,C0029,8,438.71,2024-01-08
S00865,P039,C0061,6,609.89,2024-09-26
S00866,P007,C0098,4,141.83,2023-04-27
S00867,P041,C0038,9,248.82,2023-12-30
S00868,P007,C0006,3,188.12,2024-12-19
S00869,P007,C0033,10,160.12,2024-02-24
S00870,P026,C0028,8,767.44,2023-05-04
S00871,P046,C0044,2,548.0,2023-07-15
S00872,P041,C0087,10,199.75,2023-02-17
S00873,P030,C0085,10,157.22,2024-04-06
S00874,P032,C0001,9,672.72,2023-05-18
S00875,P028,C0075,8,221.47,2024-07-20
S00876,P045,C0075,3,151.48,2023-07-01
S00877,P007,C0050,10,198.86,2023-05-12
S00878,P033,C0050,7,371.69,2023-11-26
S00879,P049,C0032,5,78.91,2024-12-10
S00880,P019,C0058,3,257.21,2023-12-18
S00881,P045,C0096,9,122.17,2024-09-08
S00882,P036,C0041,9,515.64,2024-12-19
S00883,P014,C0080,5,477.12,2023-07-25
S00884,P009,C0091,3,564.44,2024-11-19
S00885,P041,C0042,2,278.2,2024-12-11
S00886,P031,C0075,10,732.88,2024-07-29
S00887,P027,C0087,9,201.72,2024-12-28
S00888,P001,C0067,2,27.16,2024-03-08
S00889,P004,C0086,1,407.08,2023-05-29
S00890,P019,C0088,5,258.5,2023-06-14
S00891,P045,C0038,4,153.05,2023-03-05
S00892,P023,C0058,2,152.48,2023-02-03
S00893,P048,C0072,4,228.42,2024-11-22
S00894,P025,C0031,9,631.31,2024-07-28
S00895,P019,C0089,1,380.98,2024-12-13
S00896,P027,C0088,6,278.52,2024-02-01
S00897,P001,C0096,5,30.33,2023-02-25
S00898,P015,C0082,6,506.05,2024-03-29
S00899,P048,C0078,4,231.86,2024-07-13
S00900,P019,C0058,3,389.92,2023-07-18
S00901,P012,C0023,9,550.93,2023-03-18
S00902,P028,C0036,9,161.17,2023-02-11
S00903,P038,C0033,1,711.47,2023-06-14
S00904,P010,C0006,3,167.44,2024-12-27
S00905,P004,C0100,10,561.12,2024-09-03
S00906,P032,C0074,9,558.97,2023-11-05
S00907,P021,C0068,4,665.14,2024-12-25
S00908,P005,C0065,3,85.7,2024-06-17
S00909,P026,C0012,6,568.24,2024-07-03
S00910,P043,C0043,6,723.82,2023-08-07
S00911,P049,C0080,9,82.11,2023-08-12
S00912,P049,C0084,1,67.13,2024-07-28
S00913,P029,C0031,10,858.1,2023-12-21
S00914,P003,C0088,6,514.11,2023-09-07
S00915,P025,C0033,9,614.64,2023-04-27
S00916,P034,C0099,6,87.9,2023-01-26
S00917,P029,C0063,1,637.36,2024-06-04
S00918,P013,C0042,9,513.3,2024-10-29
S00919,P011,C0099,9,90.19,2023-04-09
S00920,P005,C0027,4,105.78,2024-10-03
S00921,P007,C0027,9,219.87,2024-03-10
S00922,P042,C0010,3,14.13,2024-03-21
S00923,P003,C0012,2,424.73,2023-12-06
S00924,P036,C0010,10,561.35,2023-09-15
S00925,P027,C0050,8,240.61,2023-09-22
S00926,P021,C0003,7,588.34,2024-03-19
S00927,P001,C0083,10,27.84,2024-07-01
S00928,P003,C0090,2,507.64,2024-08-22
S00929,P007,C0038,5,198.89,2024-05-29
S00930,P049,C0057,7,78.79,2023-10-16
S00931,P002,C0061,3,194.19,2024-11-07
S00932,P048,C0051,9,182.84,2023-05-20
S00933,P010,C0039,6,169.42,2024-10-11
S00934,P036,C0072,3,392.49,2023-01-12
S00935,P037,C0077,7,492.16,2023-01-06
S00936,P020,C0027,6,122.83,2023-03-29
S00937,P033,C0019,3,252.44,2024-10-23
S00938,P017,C0025,2,43.65,2024-09-23
S00939,P004,C0097,9,469.67,2024-08-03
S00940,P005,C0038,2,78.3,2024-07-16
S00941,P047,C0075,8,127.13,2023-07-22
S00942,P009,C0086,4,450.69,2024-01-01
S00943,P005,C0025,6,88.82,2024-09-26
S00944,P040,C0085,5,678.41,2023-12-03
S00945,P037,C0073,6,557.52,2023-06-06
S00946,P011,C0001,6,77.46,2024-03-14
S00947,P046,C0095,7,431.35,2023-08-15
S00948,P009,C0087,6,669.78,2024-01-04
S00949,P029,C0046,5,704.96,2024-04-18
S00950,P012,C0083,10,538.21,2023-04-22
S00951,P009,C0069,4,496.65,2023-10-15
S00952,P005,C0094,2,106.99,2024-10-03
S00953,P041,C0004,10,255.82,2024-06-03
S00954,P014,C0005,9,384.17,2024-08-27
S00955,P031,C0084,3,559.81,2024-07-06
S00956,P050,C0076,5,639.45,2023-08-17
S00957,P033,C0012,7,279.4,2024-05-28
S00958,P043,C0031,10,849.6,2023-01-11
S00959,P009,C0058,3,472.97,2024-06-10
S00960,P043,C0019,8,948.8,2024-08-02
S00961,P015,C0098,8,388.6,2023-02-11
S00962,P024,C0030,1,858.53,2023-09-28
S00963,P024,C0050,8,957.24,2024-06-14
S00964,P003,C0084,6,438.1,2023-02-17
S00965,P041,C0036,5,255.79,2024-06-17
S00966,P012,C0049,7,634.6,2024-08-06
S00967,P005,C0067,5,83.92,2024-10-31
S00968,P034,C0052,6,101.12,2023-08-17
S00969,P032,C0062,10,453.23,2023-12-20
S00970,P029,C0022,4,559.54,2023-05-23
S00971,P018,C0028,3,664.99,2024-10-20
S00972,P039,C0092,2,594.81,2024-01-06
S00973,P022,C0093,2,488.99,2024-02-29
S00974,P031,C0027,10,498.43,2024-05-05
S00975,P002,C0032,1,155.46,2024-02-25
S00976,P011,C0018,9,68.28,2024-08-29
S00977,P010,C0008,3,121.22,2024-08-09
S00978,P034,C0052,10,107.76,2023-07-04
S00979,P002,C0093,5,233.7,2024-10-14
S00980,P029,C0078,8,839.9,2023-08-10
S00981,P015,C0053,10,368.62,2023-06-24
S00982,P050,C0024,10,845.22,2024-08-19
S00983,P011,C0093,6,107.46,2023-09-28
S00984,P038,C0009,4,729.99,2024-09-02
S00985,P007,C0003,4,190.98,2023-05-16
S00986,P044,C0054,3,735.33,2024-05-31
S00987,P031,C0079,10,461.76,2023-07-01
S00988,P033,C0097,2,238.83,2024-06-28
S00989,P009,C0078,9,655.6,2024-11-06
S00990,P042,C0056,9,17.81,2024-11-25
S00991,P045,C0068,7,117.45,2023-02-14
S00992,P050,C0049,6,817.59,2024-05-08
S00993,P037,C0013,7,394.73,2024-12-14
S00994,P050,C0030,2,697.91,2024-05-03
S00995,P027,C0033,4,170.05,2024-07-10
S00996,P037,C0067,2,487.96,2023-01-08
S00997,P042,C0027,6,17.7,2024-01-20
S00998,P010,C0055,10,120.9,2023-04-20
S00999,P028,C0073,6,192.92,2024-07-02
S01000,P026,C0097,4,631.64,2024-11-27
